No.,都道府県,自治体,親の年代,性別,子どもの数,妊娠中,未就学(保育園、幼稚園等),小学生,中学生,高校生,大学生・大学院生,就職・その他,子ども世代,意見,備考
1,岡山県,岡山市,30〜39歳,女性,1,0,0,1,0,0,0,,小学生 ,制服や指定の学用品など、保育や学びの場へお世話になる際に金銭的な負担がかかること。（子供のころからずっと負担に思ってきました。貧しかったので、サイズアウトや進学の度に辛かったです）,制服は不要、持ち物も自由であれば、おさがりやフリマアプリで格安で入手することが可能です。
2,東京都,新宿区,40〜49歳,女性,1,0,0,1,0,0,0,,小学生 ,"子育て支援が少ない。所得制限でほとんどの支援が受けられていない。
障がいのある子どもがいるが、所得制限で支援を受けられず、とても将来が不安です。",
3,神奈川県,相模原市,30〜39歳,女性,0,0,0,0,0,0,0,,,"所得制限
各子育て支援施策には、必ずと言っていいほど所得制限が課されています。
子どもへの支援は平等にしてください。歪な制度と言わざるを得ません。

子育て世帯において、子育てにお金がかかるので、せめて年少所得控除を復活させてください。",
4,千葉県,千葉市,40〜49歳,女性,1,0,0,1,0,0,0,,小学生 ,"所得制限反対です！！
酷すぎます！
ますます少子化加速させたいんでしょうか？

 何より悲しいのは

頑張り損で【アリとキリギリス】みたいな日本の制度に悲しんでいます！！！



頑張って少しでも子供達にいい暮らしをさせたいと思って収入を増やしたら【所得制限】
→頑張り損。
そもそも高所得者は小さい頃から努力してきた人が多いはず、その気持ちを踏みにじってる

こっちは奨学金も借りれないのに、『制服可愛いしなぁ～♪』で高校無償化で得をしてる人もいる。

ビックリしたのは

【私立大学で、成績優秀者になったのに成績優秀者が貰える奨学金が所得制限でもらえない。

何週間かして大学から封書が届いた。

新入生給付奨学金申請辞退届

辞退ってなに？】

と悲しんでいる子供が沢山いること。


所得制限で
未来ある子供達の芽がつまれています！


わたしも３人目ほしくて２年半不妊治療通っていましたが、今ストップしています。

４月～不妊治療無償化始まりましたが
受けません。

出産がゴールではありません、子育てがスタートします。


子供を産むのが30才をこえた人が多くなっています。

産み出すタイミングが遅くなってる上で

『この国でまた子供増やして大丈夫かな？』と考えます。



少子化対策は日本の土台づくりです😢


子供への投資は、いずれ税収を増やして当然自分達の年金にも貢献してくれます！


早くして下さい！



","所得制限は出産制限
所得制限で少子化加速
所得制限は頑張り損

辛い負のスパイラルに巻き込まれて辛いです。
みんなで明るい未来を築いていきたいです。



【自分だけの幸福もなければ他人だけの不幸もありません】

↓
所得制限　自分だけの幸福もなければ他人だけの不幸もありません

で本当にヒドイ😢

【例え】
君は成績いいから内申点はあげない。
君は成績良くないから5点あげよう。更に君は成績良すぎるから内申点分け与えましょう。"
5,埼玉県,埼玉県所沢市,50〜59歳,男性,2,0,0,0,1,1,0,,中学生 高校生 ,"改正要望

 

「放課後児童健全育成事業の設備及び運営に関する基準」平成26年4月30日厚生労働省令　第63号に食事に関する規定を加条し、おやつ(補食)や昼食の意味合いを明確にしてほしい。

 

厚生労働省　雇用均等・児童家庭局長　通知　平成27年3月31日　雇児発0331第34号　「放課後児童クラブ運営指針」を局長通知から厚生労働大臣告示にしてほしい。

 

 

内閣府及び厚生労働省からの　関連通知及び事務連絡等を全国の全ての都道府県知事及び市町村長若しくは東京特別区長宛に直接発出してほしい。※現在は都道府県知事並びに政令指定都市の市長及び中核市長のみです。

",
6,宮城県,東松島,20〜29歳,女性,0,0,0,0,0,0,0,,,所得制限,
7,兵庫県,伊丹市,30〜39歳,女性,1,0,0,1,0,0,0,,小学生 ,"共働きです。小学生だけで遊べる遊び場が少ないと感じています。保育園は夜遅くまで預かってもらえるのに、学童は閉まる時間が早く、高学年にもなると学童に在席すらできません。地域に児童館も少ないし、小学校の運動場も週に1~2回しか使えません。公園も自由に遊べる程広くなく、習い事が居場所になっている子が多いです。けれど、経済的事情から沢山習い事にも行かせられないので、家で一人で留守番をさせる状況になりがちです。
児童館のような、子供だけで安心して遊びに行ける居場所をもっと地域にたくさんつくってほしいです。",
8,愛知県,,30〜39歳,女性,2,0,0,2,0,0,0,,小学生 ,減税か毎月一律給付金出してほしい,
9,#REF!,#REF!,#REF!,#REF!,0,0,0,0,0,0,0,,,#REF!,#REF!
10,#REF!,#REF!,#REF!,#REF!,0,0,0,0,0,0,0,,,#REF!,#REF!
11,#REF!,#REF!,#REF!,#REF!,0,0,0,0,0,0,0,,,#REF!,#REF!
12,#REF!,#REF!,#REF!,#REF!,0,0,0,0,0,0,0,,,#REF!,#REF!
13,#REF!,#REF!,#REF!,#REF!,0,0,0,0,0,0,0,,,#REF!,#REF!
14,愛知県,,30〜39歳,女性,2,0,0,2,0,0,0,,小学生 ,収めるものしっかり収めてるのに100人以上子供が渡る、見通しが悪い交差点にいつまで経っても信号が立たない。保護者が毎日朝夕見守りして保護者の負担がひどい。子供のためにボランティアで見守りしているのに、周囲の車通勤車から苦情がくるのがつらい。増税するなら子供たちが安全に通学できるように交通整備して欲しい。できないなら減税か毎月一律給付金出すべき。,
15,東京都,小金井市,40〜49歳,女性,1,0,0,1,0,0,0,,小学生 ,"都市部では、「働いていないと預けられない、預けないと働けない」の矛盾が解消していない。おかしいと思う。また、賃労働の有無・傷病や障害の有無に関わらず、子どもを預けられるようにしてほしい。民間保育園が一時保育枠を設定しても、赤字になりにくい制度設計も、合わせてお願いしたい。
小金井市では、「貴重な、緊急一時保育枠」のある公立保育園を廃園にする案が出されている。公立園廃園案の理由の一つは、「（近年多く増やした）民間園が定員割れしないように」。その「急増した民間園」の中に、一時保育枠のある園は少ない。市も市長も、片働き世帯の育児疲れやワンオペ育児中のアクシデント対策は、優先順位がかなり低いと見える。東京18区の国会議員は、子育て支援を！虐待防止を！と言いながら「保育は民間でコスパ良し」と軽々しく言い放ってしまう方と、乳幼児支援の公約が見当たらない方……参議院選挙では、よくよく考えて投票したい。
未だに、co2測定器を用いた、学校・幼稚園保育園の教室の換気モニタリングができていないのは、covid感染拡大防止の観点から、おかしいと思う。エアロゾル感染も認められたのに、空気が滞留する方向の「給食時のパーテーション（黙食）」が学校の感染予防策とされているのは、いかがなものか、と感じる。
私の夫は、救急隊員で、コロナ禍では多忙で残業も。私は専業主婦で、ワンオペ育児の時間が長くてつらい。ストレスも多く、虐待リスクも高まっていると感じる。一時保育実施園でも陽性者がでており、「濃厚接触者なし」と言われていたとしても、第七波の兆候がある中で、悩ましい。ベビーシッターの「サービス拡充・公費助成拡大・シッターとサービス利用世帯の定期的PCR検査」等、コロナ禍のレスパイト保育について、なんとか対策を増やして欲しい。
小学校のオンライン授業について。低学年の我が子、「端末を持ち帰り、試しに自宅からカメラを用いて通信してみましょう」という機会はまだない。小金井市教委は「休校等の際にはオンライン授業を」というが、今の段階で突然休校になったら、対応できないと思う。そういうところがおかしいと思うし、不安である。",
16,岩手県,大船渡市,30〜39歳,女性,0,0,0,0,0,0,0,,,"地域に子どもの用品を購入する店舗がありません。これでは、子育てするにも遠方へ行かなければならない現状です。
そして、高齢者が多い地域でもあり、子どもが優先というよりかは、高齢者が優先？のような気もしなくはありません。",
17,埼玉県,,30〜39歳,女性,0,0,0,0,0,0,0,,,"子供に関する給付金や無償化の所得制限はおかしい。親の年収が高くても、その分税金を納めているのに何ももらえないのはおかしい。これじゃ産めない。
出産費用についても地域差が大きすぎる。無償化すべき。",
18,熊本県,,30〜39歳,女性,1,0,0,1,0,0,0,,小学生 ,"子育て世帯の所得制限で困っています。年少扶養控除も、配偶者控除もありません。
国民の為と思ってくださるのなら、頑張り損な世の中を変えてください！！
政治家さんのお力が必要です。将来を担う全ての子供達の未来の為にも頑張らない方が得な世の中にしてはいけないと思います。
全てにおける所得制限の撤廃を希望します。",
19,東京都,台東区,30〜39歳,女性,0,0,0,0,0,0,0,,,"・子どもに対する補助や手当、無償化に対する所得制限がある(検討されている)ため、将来への不安があります。社会保険料や税負担は増えているのに、子どもを社会が受容してくれていないと感じる制度が多すぎます。
・子どもの近視を防ぐために週11時間以上日光を浴びるとよいと欧米での研究結果がありますが、園では園庭がなく外遊びが少ないです。北欧では青空ランチを行うなどの取り組みがあるようです。保育園や小学校でもそう言った取り組みを行なっていただきたいです。
・""小学一年生の壁""と言われる、小学校に進学すると放課後の預け場所がないという話を聞き、心配しています。希望すれば全員が学童に入れる制度を整えていただきたいです。
・通学路を車が猛スピードで運転していたり、歩行者優先ではない道路が多いです。ハンプを取り入れる等、安心して歩ける道路整備を行なっていただきたいです。
・子どもが性被害や危害を加えられることがないか不安です。不審者への対応について、事案発生後の対応方法を子どもに教えるのだけでなく、事案を未然に防ぐ方法を学校・警察・地域・保護者・法人が一体となって考える仕組みを作っていただきたいです。「不審者が入りやすく・周囲から見えにくい場所が危ない」という小宮信夫先生の理論があります。データに基づいた知見を活かして子どもが安全に過ごせる日本になってほしいです。死角になるような場所がない建物や公園を作ると減税が受けられるような制度等、検討していただきたいです。",
20,栃木県,宇都宮市,30〜39歳,女性,2,0,0,2,0,0,0,,小学生 ,離職をして、未就園児がいると、働きたくても預け先がなく働けない。特に1、2才クラスの定員が4月以外は空きがでない。,子供が何歳でも預けたいタイミングで自由に預けられて、働く時間も自由に選択できれば良いなと切に願います。
21,東京都,港区,50〜59歳,男性,0,0,0,0,0,0,0,,,"①年少扶養控除、配偶者控除が無く税負担が大き過ぎる上に所得制限があり児童手当無し、保育料も高い。

親の経済状況で差別を生む政策は間違っている。
年少扶養控除、配偶者控除＝憲法が定める生存権
所得制限＝差別助長
非課税世代には別途困窮対策を実施で良い。

②保育士、教員数が足りていない。
教育の質を上げる上でも教育者の数確保と報酬が少な過ぎると感じる。

③教育国債による財源の長期安定化
一般歳費扱いでの予算割り当てでは、経済状況に影響されるため長期計画が必要な教育投資がなされず安心した子育て環境構築は出来ない。

よって候補者には必ず閣議決定されているPB黒字化に賛成か否かを問うて頂きたい。

賛成派＝子育て支援は表面的なアピールでしかない。
反対派＝子育て支援に期待出来る
無回答＝信じるに値しない(最低限の経済政策信念を持たない政治家)

④公立学校における外国人比率の制約(中等教育課程以降)
地域によっては外国人比率が高い公立学校もあると聞く。ある程度(10-15%)は良いと思うが、半数を超える様な状況は異常であり、改善が必要。
","ハンガリーが実施する少子化対策を今の日本でやらないと少子化は改善しない。

今や日本では結婚・子育ては贅沢なものになった。国民が困窮しているため家族を持つことが経済的に諦めている人も多い。
子供を持てる家庭は比較的裕福な経済状況にあるが、そこから更に増税・社会保険料負担など国民負担を上げていくため、もう一人を諦める家庭が多い。

間違った緊縮財政政策が30年続いた結果が今の状況であると正しく理解する事から始めるべき。

"
22,東京都,豊島区,40〜49歳,男性,2,0,0,1,1,0,0,,小学生 中学生 ,"自宅の最寄りの公立学校（小学校・中学校）に通えない。
学区の統合等により、遠方の学校が指定校とされ、最寄りの学校の学区外とされるケースが発生している。
新入学時のみ隣接学区の学校を選択できるが、途中からの転入者などは選択をできない。
境界付近の住民については複数校を選択できる「調整区域」などの制度を設けている自治体もあるが、現在居住している東京都豊島区では制度が設けられていない。",
23,東京都,杉並区,20〜29歳,女性,0,0,0,0,0,0,0,,,"子どもに関する支援全般に係る所得制限に困っています。親の所得によって受けられる支援が違うのはおかしいと思います。扶養控除もなく、手当も所得制限で受けられなくなる予定です。更に様々な手当が今後所得制限により対象外になることが見込まれます。勤労意欲、そして2人目3人目を産む意欲が削がれる政策だと思います。都内では所得制限に引っかかる程度を資産なく、一から稼いでいる身としては贅沢な生活はできません。
私は3人子どもを希望しておりますが、夫はこのような政策の現状で、1人で良いと意見を変えております。子ども全員の支援をよろしくお願い致します。",
24,埼玉県,,30〜39歳,女性,0,0,0,0,0,0,0,,,"親の所得によって子どもの支援に差がでること。
高所得と勝手に決められた中間層が所得制限によって苦しめられていること。
年少扶養控除がなくなったのに児童手当に所得制限がついたこと。
年少扶養控除がないこと。
奨学金すら所得制限で借りられないこと。
子育て支援の全ての所得制限はおかしい。
保育園も所得によってめちゃくちゃ高いこと。
累進課税も高く、年少扶養控除もないので生活が苦しくなること。
所得制限があるから2人目を産むのを諦めた。
子育て支援がコロコロ改悪されるから2人目は不安で産めない。","貧困対策と子育て支援を一緒にしないでほしい。
子育て支援はみんな平等にして、貧困対策は別にしてほしい。"
25,東京都,江東区,40〜49歳,女性,3,0,0,1,1,1,0,,小学生 中学生 高校生 ,所得制限のせいで3人の子供を大学まで行かせてやる資金が足りない。年少扶養控除もなく所得制限で支援もなく子どもの人権を侵害されている。,子どもの差別やめてほしい
26,東京都,練馬区,40〜49歳,女性,3,0,0,1,0,2,0,,小学生 高校生 ,"子ども3人世帯です。夫の所得制限により高校無償化などの補助は対象外です。5人生活するための住宅ローン、衣食住にかかる費用で困窮しており、私もフルタイムで働いています。余裕などまったくありませんし、長期休みは親は働きに出ていますので体験施設などにも連れていくこともかなわず、習い事や旅行などにかける金銭的余裕もなく、小学生１人家にひきこもり状態となります。
それでも働かなければ高校生二人の学費は支払えません。１人は今年公立高校に入れず私立となりました。3月から5月の我が家の学費は入学金含め100万円を超えます。
ただでさえ5人暮らすのに余裕がない収入でなぜ所得制限ということになるのか全く理解ができません。
すべての家計を提示してもいいですよ。
多子世帯の実態がわかっていないのではないでしょうか。
1000万を単純に5で割ってください。１人200万です。そこからもろもろ税金を差し引かれていくら残りますか？
小学校入学から就学手当をいただいても良いくらいと思っています。
未来の納税者という認識もないのでしょうか。

この先大学にすすむとなれば奨学金も所得制限で借りられないのですね。
金融機関の教育ローンはこども3人分、借入上限もあるでしょうし借りられますかね。
借りられても総額1000万近くなると思うと、もういつ払い終わるのか、地獄です。

これでは少子化まっしぐらです。

累進課税で税金はしっかり納めています。
子育て支援は平等でなければ納得がいきません。

とにかく、こども3人のギリギリ所得制限世帯、困窮しています。助けてください。",
27,東京都,,30〜39歳,女性,2,0,0,2,0,0,0,,小学生 ,"子供への支援に関して、親の所得で制限するのはやめてください。基準の所得額が低すぎます。みんな子供を育てながら大変な思いで働いています。子育てするのに支援やお金はいくらあっても足りません。

年少扶養控除の復活を希望します。
年少扶養控除がないのは子供に対する基本的人権がないのと同義です。
子供は霞を食べて生きているわけではないのですよ！

出産費無償化を希望します！
子供を3人以上産んだら出産費用無償化、くらいで良いのでまずそこからお願いします！",
28,埼玉県,朝霞市,30〜39歳,女性,1,1,0,0,0,0,0,,妊娠中 ,子どもに関する所得制限や、子育て世帯への予算が少ないことが気になっています。子どもが皆等しく行政の支援？を受けるべきと考えています。周りにお金はないけれど私立高校に通える子と、所得制限に引っかかって私立には通えない子がいて疑問を感じています。それと同様幼い子でも親の収入で児童手当がもらえる家庭、貰えない家庭があったりすることが気になります。所得制限に引っかかるような家庭は、よりよい暮らしをしようと働き累進課税で税金を多く納めています。それでも恩恵は受けられないのが現状です。お金持ちでない私ですがそれはおかしいと思っています。働く世代が日本から流出したら日本は今より貧しくなりませんか。まずは自国をよりよくするための政治を望みます。,
29,東京都,町田市,40〜49歳,女性,3,0,0,3,0,0,0,,小学生 ,"年少扶養控除廃止、児童手当廃止（予定）、高校無償化対象外による生活困窮に困っています。
所得制限により高校無償化ありません。可処分所得が逆転しています。よその子が私立高校へ行き、うちは子供が3人居るので経済的に公立しか選択肢はありません。累進課税で多くを納めているのに納得できません。
大学費用も貯めなければなりません。我が家は3人なので最低でも500万×3で1500万円程を貯めなければなりません。全て自助でしょうか？少子化に貢献し、未来の納税者を育てています。税金、控除を返して欲しいです！
臨時給付金もありませんでした。よその家族は家族旅行へ行っていました。主人が単身赴任中の我が家は、お金が無いので春休みはずっと自宅におりました。頑張って年収を上げた結果がこれですか？頑張り損、子育て損です。",回答下さい！
30,奈良県,生駒市,20〜29歳,男性,0,0,0,0,0,0,0,,,"・0-2歳児の保育料の所得制限
・年少扶養控除がないこと
・児童手当の所得制限
・高校授業料無償化の所得制限
・大学授業料無償化の所得制限
・ちょっとした用事の時に預けられるところがない
・保育士の定期PCR検査の実施要望",
31,東京都,江東区,40〜49歳,女性,3,0,0,1,1,1,0,,小学生 中学生 高校生 ,"年少扶養控除を復活してほしい。
年少扶養控除なし、所得制限で児童手当もなし、高校無償化もなし。
私の子は国にとって透明人間扱いされています。
子どもはご飯を食べます。なのに控除がないとはどういうことですか？生存権の侵害です。憲法違反です。
","日本は、子育てをして多く税金を納めると、
罰として子ども支援が受けられなくなる異常な国です。"
32,静岡県,,40〜49歳,女性,0,0,0,0,0,0,0,,,"児童手当に所得制限があるのは何故か。親の収入によって子供分断されている。
公立校に制服があるのはおかしい。特定の高価な衣装を自費で用意して着用しなければ教育が受けられないという事実は子供の教育を受ける権利を侵害している。保護者が自費で用意する学用品についても同じことが言える。",
33,大阪府,池田市,50〜59歳,女性,3,0,0,0,1,2,0,,中学生 高校生 ,扶養控除を廃止・減額された上での児童手当・高校無償化のはずですが、一部の子どもたちは児童手当も満額もらえず、公立高校でさえ無償化の対象外となっています。少子化を問題視される昨今、子どもの人数もあまり考慮されず、親の年収で差別される事はあってはいけないと思います。そもそも除外される層は扶養控除があれば自助で子育てできる層なのではないでしょうか。所得制限を撤廃するか扶養控除を復活させるか、いずれかの政策を求めます。,自分の子たちが子育て支援から外され我慢を強いなければならない状況が辛くてたまりません。
34,東京都,北区,30〜39歳,女性,0,0,0,0,0,0,0,,,"年少扶養控除が撤廃されたにも関わらず、児童手当・高校無償化・奨学金などで所得制限がなされていることがおかしいです。世帯年収910万円を越えると全て自助になり、更に子どもの数に関わらず一切助成してもらえません。子どもを育てるために共働きしても、頑張れば頑張るほど子どもを増やすことができない制度になっています。
私は1人娘の母です。本当は数年後もう1人2人産みたかったです。産める体があるのに、産む選択ができません。1人しか育てられる余裕がなくなることが目に見えているからです。悔しくてたまりません。どうか年少扶養控除の復活や、所得ではなく子どもの人数による助成をお願いします。",
35,東京都,府中市,30〜39歳,女性,0,0,0,0,0,0,0,,,所得制限全般についてです。児童手当もそうですし、昨年末の未来応援給付も1割の子供は日本には不要、と政府に言われたような気がしました。政府側も｢未来を応援｣などと言いながら切り捨ては｢分断には当たらない｣とばっさり。私たちの子はいらない子ですか？｢困窮支援｣と｢子育て支援｣｢子供への支援｣をごちゃ混ぜにしないでください。成長する、学ぶのにある一定以上のお金がかかるのはどの子も同じです。このご時世、タブレットやPC、通信環境を整えたり出費がかさみます。どうか子供たちを無視しないでください。現金給付が問題なら、給食、制服、学用品の補助にしてください。,
36,東京都,板橋区,40〜49歳,女性,3,0,0,1,2,0,0,,小学生 中学生 ,所得制限,"5人目1歳

子供5人の所得制限世帯。
これだけ子供がいても自助です。
ありえません。"
37,神奈川県,川崎市,30〜39歳,女性,1,0,0,1,0,0,0,,小学生 ,"所得制限です、いつまでこんな理不尽で我が子が差別される制度に付き合わないといけないのですか？？
我が子は他の子が無料で受ける医療を有料でしか受けられず、認可保育園に通えば満額の費用を求められてきました。長女は今年小学生ですが、祖父母は特に裕福でもなく、なんなら親が時々お金を送っているような状況で新品のランドセルは、低予算の中から選んでいました。
とても喜んでいましたが、他所の家と同じ給付金があれば、一番最初に欲しがったランドセルを買ってあげられただろうなと思うと、なぜ年間世帯で数百万納税しながら、差別を受けないといけないかと狂いそうになります。
我が子が国から未来を応援してもらえない、児童手当はカット、そしてこの先行きたい高校があっても、親の所得故に支援対象外（親は自分の親を生活保護にしないためにがんばってるのに）、行きたい大学があっても、奨学金すら親の所得のせいで借りられません。高額納税は犯罪ですか？自分の親を助けることは悪ですか？？？なぜ我が子が他のこどもが得られる支援すらないのか、もう全く理解できません。こどもが笑うたび、こんなこどもをおいつめる国を呪いそうになります。","所得制限のストレスがひどくて、鬱になりそうです、私の友人は自営業者夫と、サラリーマン妻で、世帯1800近くあります。その家は車も家賃も経費で、こどもの支援が国から満額出ています。
なぜそれを横目に、我が子はなにももらえないんだろうと、こんなくだらないことを考えるのをやめたいです。"
38,神奈川県,川崎市,30〜39歳,女性,0,0,0,0,0,0,0,,,"年少扶養控除が廃止され、子供手当になったはずだが、子供手当に所得制限が課される形となった事。我が家は子供手当が受け取れません。
その他、高校学費の無償化、奨学金にも所得制限がある事。2人目、3人目と考えたい所ですが、保育料も高く、学費も高くなっていると聞きますので、悩んでいます。
少子化対策が必要な現代で、なぜこのような改悪が起こるのでしょうか。
働き損、少子化対策皆無の日本の未来がどうきても悲観され、我が子に申し訳ない気持ちです。
安心して子供を産み、育てられる社会になって欲しいです。
子供基本法にて、差別されない、平等に教育を受ける権利があるとされたようですが、富裕層（実質の中間層）の子供は、差別により手当を受け取らず、高校学費の無償化の対象外の為私学進学を諦めなければならない、全く平等ではなく、貧困層の権利とあべこべになっています。累進課税で税を納めて、高い保育料を払い、何重にも徴収される事に働く意味を見失います。
子供に関する手当に関し、平等にして欲しいです。所得制限の撤廃をお願いいたします。",
39,東京都,,40〜49歳,女性,2,0,0,0,1,1,0,,中学生 高校生 ,"現政策では親の収入で 所得制限になる世帯の子どもたちが、子どもまんなかには入れてもらえず、虐げられています。

10万円給付どころか、対象外の手当がこんななたくさん。

子どもの人数が増えるほど、もらえない手当、自助の額が増え困窮。
それなのに国の教育ローンや大学の奨学金すら借りられない。
周りの子が高校無償化で私立を選べるのに、我が子は私立を諦めなければいけない。所得制限世帯は、いったい何のために高額納税しているのでしょうか？

子育て 障害児福祉の 所得制限 

【利用不可系】
児童手当
臨時特別給付金
高等学校等就学支援金
高等教育の修学支援新制度
奨学金申込権利
大学寮入寮条件
補装具費支給制度
特別支援教育就学奨励
特別児童扶養手当
障害児福祉手当
特別児童扶養手当
自立支援医療

【応能負担系】
高額療養費の自己負担額
乳幼児医療費
小児慢性疾病にかかる自己負担上限額
重度心身障害者（障害児）医療費助成
児童発達支援・放課後等デイサービス
難病医療費助成","日本税理士会連合会が 財務省、国税庁、総務省、中小企業庁などに提出した
「令和4年度税制改正に関する建議書」には
児童手当または 年少扶養控除復活 すべきと書かれています。
どうか 所得制限 で子どもや障害児福祉に関する手当がうけられない子の救済をお願いします！ 

https://www.nichizeiren.or.jp/nichizeiren/proposal/taxation/"
40,埼玉県,川口,40〜49歳,女性,2,0,0,2,0,0,0,,小学生 ,超氷河期世代。まず、安定した仕事に就けない。旦那はモラハラ、金銭DV。子供2人いるが、経済的な不安から離婚できない。母の私1人の収入で、今の生活や将来の安定した生活ができるかを考えると、とても出ないができない。本当に凹む。,2人目は発達に問題がある。
41,東京都,東京都渋谷区,20〜29歳,女性,0,0,0,0,0,0,0,,,"各種支援の所得制限。こんな制度じゃ子供を産めません。産めたとしても教育を受けさせてあげられません。なんで制限するのでしょうか。きちんと累進課税を支払っています。貧困支援ではなく、子育て支援というので有れば一律に支援していただきたいです。全て撤廃してください。
育児休暇の期間を3歳までの希望者制に延長改訂してください。保育料無償化は3歳以上からなのに、なぜ育休手当は1歳（最大2歳）まだなのでしょうか。2歳から3歳の一年はどうして支援がないのでしょうか？",一律の支援を整備して、子どもを産みたいと思える社会にしてほしいです。
42,茨城県,水戸市,30〜39歳,女性,0,0,0,0,0,0,0,,,"年々子育て支援が削減・所得制限がつくのが納得できません。児童手当貰えてありがたいと思ってました。しかし、年少扶養控除がなくなるかわりの手当なんですね。それも金額は控除額より遥かに低い。あろうことか、所得制限までつきました。高校無償化も高等教育無償化も所得制限があります。16歳以上の特別控除もなくなりました。妊娠出産だって全額カバーしてるわけじゃない。
そのくせ、後期高齢者支援金なんてものを生まれた瞬間から発生してるのも知りました。
この国は子どもを産み育てるという事をどの様に考えてるのでしょうか？長く続く少子化は国難なんではないですか？消費税増税は社会福祉費に使用されるのではなかったのですか？高齢者支援も大切でしょう。私たち子育て世代は見えていますか？子どもたちの姿は、子どもたちの未来は見えていますか？
ただでさえ、経済的にも社会情勢的にも苦しい中日々子どもと向き合い、模索しながら子育てしている私たちはあまりにも厳しい目を向けられ、支援の手は離れ安心して生きられるとは程遠い生活をしています。
経済格差、教育格差がこれ以上拡大しない為にも、少子化を加速させない為にも、所得制限撤廃、子育て支援の拡充を真剣に考えてください。これらは、私たち親への支援ではなく、全ての子どもたちへの支援である事をもう一度思い出してください。",
43,千葉県,千葉市,40〜49歳,女性,0,0,0,0,0,0,0,,,"子育て支援の所得制限について。
まず世帯所得ではなく、世帯主の所得で判断というところもおかしいし、世帯の人数が全く加味されていない点もおかしいと感じます。また財源に限りがあるというのも理解しますが、あるボーダーを超えたゼロになるというようにバッサリと切り捨てるのではなく、グラデーションをつけるような丁寧な制度設計に変えてもらえないかと思います。
コロナで低所得の子育て世帯への特別給付が複数回行われていますが、コロナで収入が減った家庭が対象になっているのでしょうか？コロナ前から低所得という家庭も含まれているのではないか？何か変だなと思ってしまいます。",
44,兵庫県,伊丹市,30〜39歳,女性,0,0,0,0,0,0,0,,,"子どもの支援の所得制限をやめていただきたいです。
児童手当、医療費、特別給付金など全てにおいてうちの子は支援を受けられていません。
子どもの支援は一律にしてほしいです。

もっと子どもを産み育てたかったですが、制限をかけられて難しいです。",
45,大阪府,箕面市,20〜29歳,女性,0,0,0,0,0,0,0,,,少子化なのに待機児童がいる事。待機児童ゼロといいながら待機児童がいる実態。シングルマザーが異性と同居しているだけで経済的支援があるとみなされている事(中には経済的支援を受けている方もいると思うんですが、そうでない方もいます。近年LGBTなどありますが、事実婚でもないのに子どもの保育園の通知が連名できたり、相手の就労状況や税金についても調べられて不快です。そして同居人がいるだけでひとり親から除外されること。同居人が他人の子育てると思いますか？事実婚状態にあるなら経済的支援や育児の協力を得られると思いますが、そうでない同居もあります。子どもを養子縁組しているなら事実婚とみなしてもいいと思うのですが異性の同居人がいると事実婚になるのはおかしい。自治体に訴えて保育園入園の加点、母子手当を受けるために同居人と別々に生活しようとすると以前、同居人がいたからひとり親には該当しないと言われました。)。所得制限はやめてください。子ども達はみんな平等です。所得制限のせいで偽装離婚している人達がたくさんいるのを政府は知っていますか？どうか今後の子ども達の生きる日本が住み良い日本になりますように、お願いします。,私は離婚をして2人の子をもつシングルマザーです。今は職場の友人(男性)と暮らしています。家の契約は友人にしてもらっていますが生活費は折半しています。他人と同居しているというところから母子手当はもらえず、ひとり親から外され待機児童となり働けなくなりました。なんとか夜に働き、貯金を切り崩し生計を立てています。周りからはシングルマザーで色々支援してもらえてるでしょ？いいね！と言われますがそんな事ありません。一切支援してもらっていないです。事実婚や養子縁組がなされていない同居者がいるシングルマザーの生活にも目を向けてください。一概に同居人(異性)いるから経済的支援、育児支援してもらってるなんて思わないでください。
46,東京都,世田谷区,30〜39歳,女性,1,0,0,1,0,0,0,,小学生 ,"所得制限があること。出生率が下がっている現在も保育園に子供を預けられない状況。基本的に母親が育児をすべきという風潮。
出生率を増やしたいのか、このまま人口減で良いのか、その方針すらわからない。
子育て世代への支援が的外れであるので、当事者の意見を吸い上げて政策を決めて欲しい。",
47,神奈川県,横浜市,30〜39歳,女性,1,0,0,1,0,0,0,,小学生 ,子育て支援全般の所得制限について。子ども3人欲しくて所得を頑張ってあげた結果、全ての支援がなくなり3人目を諦めなければならなくなった。子どもを産むために年収を下げたり、離婚を考えるなんておかしいと思います。本来、逆では？,
48,東京都,世田谷区,20〜29歳,女性,0,0,0,0,0,0,0,,,所得制限。夫婦共々頑張って働いて、多額の税金を納めているのに子育て支援がない。二人目ほしいけど、高騰する学費、自分たちの老後まで考えると一人で限界。自分の能力を高めて楽して稼いでるわけではないし、子どもも産んで未来の納税者を育ててるのに罰があたってる。とてもじゃないが、働く意欲もわかないし、子どもを沢山うもうとは思わない。,所得制限の撤廃を何卒お願いします。子どもには等しくお金がかかります。頑張って働いたら支援を得られない、なんて頑張らない者勝ちでは。やるせないです。
49,東京都,千代田区,40〜49歳,女性,1,0,0,1,0,0,0,,小学生 ,"文科省なのか教育委員会なのか、政治なのか、問題の根源は分からないが、公立学校の仕事のやり方、教師の価値観がアップデートされていない。
こどもの声や想いもちゃんと聞いていないと感じる。
一般の衣料品と比べて割高な制服・体操着・上履きを、地元の指定販売店でしか購入できないのをやめてほしい。医療もコロナ禍を経てオンライン診療がほぼ解禁されることになったしオンラインでも購入できるものにしてほしい。現代の親に、仕事家事育児の他に、指定のお店に買いに行くことを強制しないで。
国として社会主義みたいになんでも公費で費用負担軽減をするではなく、適切なところに投資して、元の財源を増やすような、歳出先のバランスを根本的に政治で考えた方が良い。",
50,神奈川県,川崎市,40〜49歳,女性,1,0,0,1,0,0,0,,小学生 ,"所得制限のせいで、医療費三割負担、未来応援給付金なし、児童手当半額、高校に入るのはまだ先だが、高校無償化対象外。
子育て支援と言いながら、親の所得で差別する、一円でもオーバーしたら支援受けられない、また世帯主の年収での計算のため、世帯全体で960万オーバーしても支援受けられると言う納得のいかない制度。
国がそのような基準を設けているから、自治体も国の基準に基づきと親の所得で差別。
子供を空気扱いしているのに税金だけはしっかり持っていく、親をATM扱い。
少子化推進する政治家達はお年寄りばかり、自分のことばかりで、日本の未来のことなんか考えていない。そんな政治にうんざり。",
51,東京都,練馬区,40〜49歳,男性,3,0,0,1,0,2,0,,小学生 高校生 ,所得制限が不公平すきる。仕事を頑張って子供3人育てるために借金してるのに。働かない人が手当や高校無償化など優遇されるのはおかしい。,
52,東京都,西東京市,40〜49歳,女性,1,0,0,0,1,0,0,,中学生 ,子育てに親の収入によって所得制限があること。不公平すぎる。,
53,東京都,中央区,30〜39歳,男性,0,0,0,0,0,0,0,,,"【所得制限廃止希望】
子育て支援に関する補助や制度において、親の所得で制限を設け、子供を差別することをやめてください。本当の資産家層は自身の所得を自由に調整して補助を総取りできる一方、高々年収1000万程度の会社員の中流層を資産実態も考慮しないまま一概に高所得者と位置づけ、あらゆる支援をひき剥がす方針には賛同できません。社会全体で少子化対策が必要であるにも関わらず、子育ての予算は増えず、その中で中流層の子育て家庭がしわよせを受け損を被る日本社会や政治には一切期待が持てず、信頼もできません。",
54,福岡県,福岡市,30〜39歳,女性,1,1,0,0,0,0,0,,妊娠中 ,子育て支援といいながら、所得制限をつけていること。年少控除を撤廃したこと(児童手当がもらえない両親共働き中間層は、実質独身者よりも苦しい現状になっている。これは子育て罰のようなもの)不妊治療しかり、授かりにくい現状がある中で、所得に関係なく子供を産み育てることが重要なのでは？　年金医療費には予算を割くのに、少子化対策には予算を割かない。子供が増え無い限り、年金医療費問題は解決しないのに、解決策にすら放棄しているように見える。,
55,東京都,杉並区,20〜29歳,女性,0,0,0,0,0,0,0,,,"2年後あたりに子どもを産みたいと考えている既婚女です。
保活をしないと保育園に入れないこと。
仕事をしながら働くためには女性の生活を犠牲にする前提になっていること。
子どもの教育費が高すぎるのに、補助が少なすぎること。
保育園の月額負担が大きすぎること。時短でお給料減ってるのに。

子どもの教育費を賄うため、子どもがいない今も教育費のためだけに月14万円貯金しています。そこまでしないと子どもは産めないのか？でも産むからにはと覚悟し、今の生活を少し犠牲にして貯金しています。お金の心配から、子どもを育てたいという気持ちが薄くなりつつあります。",
56,埼玉県,埼玉県所沢市,50〜59歳,男性,2,0,0,0,1,1,0,,中学生 高校生 ,児童福祉法施行規則の一部を改正する省令　(平成27年厚生労働省令第17号)による「放課後児童健全育成事業の届出」を市町村長(東京特別区長を含む)に提出した事業者に対し内閣府は、「子ども・子育て支援交付金」を交付し、市町村(東京特別区を含む)から届出事業者に対して、支給を義務化する規定を内閣府及び厚生労働省は制度化してほしい。,
57,大阪府,大阪市,40〜49歳,女性,0,0,0,0,0,0,0,,,"色々なものに所得制限をかけるのは理解できますが、閾値が低すぎます。都心部では世帯年収1000万円は決して裕福ではないですし、世帯年収2000万でも富裕層ではないです。それなのに高校の無償化も対象外、奨学金も取れないのに、児童手当も外されることに納得がいきません。
また児童手当の特例給付が「世帯主年収」というのも時代錯誤甚だしいです。夫1200万、妻専業主婦の世帯年収1200万の世帯では取り消されて、夫1100万、妻1100万の世帯年収2200万の世帯は取り消されないというのは制度に瑕疵があるとしか思えません。",
58,東京都,足立区,40〜49歳,女性,1,1,0,0,0,0,0,,妊娠中 ,所得制限がいろんな制度であること。フランスなどのように全ての教育や保育を無料にしてほしい。でないと、何人も子どもを育てることができない。子育てにお金がかかり過ぎる。,
59,東京都,中野区,20〜29歳,女性,1,1,0,0,0,0,0,,妊娠中 ,保育園に入れないと働けないのに働かないと入らない現状、システム。,岸田さん含め日本や国民、未来に興味のないお爺さん議員が1日でも早く辞職することを願っています。妊娠中、不快なニュースが多くこたえました。
60,神奈川県,横浜,40〜49歳,女性,1,0,0,1,0,0,0,,小学生 ,同じ子育てなのに住んでいる地域によって受けられる子育て支援にかなり差があるのはおかしいと思います。また、ありとあらゆる支援制度に所得制限があるのもおかしいと思います。社会的養護を必要とする子供でもそうでない子どもでも将来この国を背負っていくことに違いはないはずなのに一律な支援が受けられず、子供が成人するまでの20年間ずっと自助で子育てをしないといけないのは経済的にもかなり負担がかかります。保護者がどういう状況にあっても子どもが医療と教育を受ける権利は等しく保障されるべきだと思います。そうでないと安心して子育てができないし、子どもをもう一人生もうとも思えません。,
61,東京都,豊島区,30〜39歳,女性,0,0,0,0,0,0,0,,,"所得制限。子供の教育、子育てになぜ所得制限を設けるのか？所得制限世帯は思っている以上に隠れ困窮世帯です。ユニクロの服でさえ買えないぐらいです。
子供も二人目諦めました。

日本の少子化加速の原因にもなるし、あらゆる所得制限は働く意欲がなくなります。
離婚も増えると思いますけど。

年収が高い組は生活保護者や生活困窮者のために頑張って働いているわけじゃない。

子供への投資は平等に
未来の日本を作る子供への投資は平等に
子供を差別しないでください。

日本の子供は国の宝です。

教育、子育て、学生に
お金をしぶる国は潰れます。",所得制限により二人目を諦めました。離婚も考えています。
62,東京都,練馬区,30〜39歳,女性,0,0,0,0,0,0,0,,,"スーパーで売っているもので添加物が多く入っているものが多すぎます。シンプルでいいのですが、企業が売りたいがために添加物を色々入れては、消費者は添加物を避けて選び抜いて購入してる人もいるので売れ残る。そうすると小売りは売れ残ったものを安く販売する。なんだか悪循環に感じています。良いものはお金を払ってでも買いますが、身体によくないものを安いからって買ってガンになったりする、病院通いが増える、、、まさか、政治家はそうなるように考えているのか??(コロナのワクチン接種もそうですよね)
と、考えすぎてしまいます。今一度、SDGSも推奨しているので見直しが必要ではないでしょうか。

スーパーで購入するものを選ぶのに動力と時間がかかりすぎて疲れています。","練馬区は近くに直売所もありのどかです。直売所の農薬問題も心配ではありますが、新鮮なものをいただけるのは感謝しかありません。
自然を大切に、共存していきたいです。"
63,埼玉県,埼玉県所沢市,50〜59歳,男性,2,0,0,0,1,1,0,,中学生 高校生 ," 
放課後児童健全育成事業(所謂、学童保育)について
 
 
 
隣接する市町村（都道府県界を跨ぐもの、東京特別区をも含む）ごとにおいて、実施している制度、取組み方が異なる。首長(市町村長、東京特別区長を含む)しだいで取組みの本気度が異なること。
 
内閣府や厚生労働省の「通知・事務連絡」が直接市町村（東京特別区を含み、政令指定都市・中核市を除く）に届かず、都道府県が「通知・事務連絡」を伝達することになっていること。
 
保護者の関わりで成り立っている市町村と保護者の関わりを要しない市町村との落差が多きいこと。
 
放課後児童クラブ運営指針や放課後児童クラブ第三者評価ガイドラインは「局長通知」（厚生労働省子ども家庭局長）ではなく「厚生労働大臣告示」にし改廃等は官報を用いて発出してほしいものです。
 
放課後児童健全育成事業が公定価格制度を用いていないこと。
 
放課後児童健全育成事業の施設の住環境問題(建物等施設)について、内閣府及び厚生労働省は責任を持って取り組んでいないこと。構造や間取りについても所謂1.65平方メートル基準のみで、その運用は極めて曖昧です。建築基準法や消防法等に抵触しているものも多く、最低でも消防署の現地検査は毎年実施してほしいものです。
 
台風や大雪等自然災害で小学校が臨時休校した場合の放課後児童クラブの臨時休所なのか、一日開所にするかの判断基準を明確にしてほしいこと。
 
放課後児童健全育成事業の内閣府及び厚生労働省の「通知・事務連絡」がWeb公開が少ないし専用サイトがないこと。
 
放課後児童健全育成事業の統計集計が市町村単位で集約されていて実態把握が困難です。各小学校区を単位とした基礎資料の集約集計はできないものだろうか？
 
放課後児童健全育成事業は、法人税法第２条１３号及び法人税施行令第５条に定める「収益事業」に該当するのか否かを明確にしてほしいこと。
 
放課後児童健全育成の運営を市町村(東京特別区を含む)は直接行わず、業務委託や指定管理者制度にし、特に保護者組織である保護者会・父母会、保護者や指導員等で構成する法人(特定非営利活動法人や一般社団法人など)に運営を丸投げしている。
 
その一方で法人への委託等を渋るあまり、法人ではないことを補助金交付の要件とされ、権利能力なき社団等(所謂、任意団体)に成らざるを得ず、非営利組織であるなら、収支均衡を是とするあまり、内部留保や資金繰りのことは考えない、過去の遺物的発想でかつ、難儀な運営方法を強いている。
 
また、施設の確保も、保護者組織が直接契約するなど、保護者組織に過大な負担を課し、公設の施設でも、余裕教室の利用については、教育部局に対してものが言えず、財政当局からは市町村全体の総量規制の壁などに阻まれている。
 
指定管理者制度や業務委託等においても、市町村担当部署の了解を得ないと何もできず、過大な横槍が運営事業者を経由せず直接現場の職員に指示が入り、偽装請負とも取れる形態であることは法令に則り是正していただきたいものです。
 
内閣府及び厚生労働省は何かにつけて、放課後児童健全育成事業の好事例の横展開を推奨しているが、現実的には現場での安易な横展開の実施は無理がある。それは好事例はビジネスモデルであり、地域システム全体の上に成り立っており、ちょっとやそっと真似しただけでは、好事例の実現は極めて難しいものです。
 
会計検査院が検査をした結果、令和3年10月20日、内閣総理大臣及び厚生労働大臣に対し、会計検査院法第34条の規定により是正の処置を要求し及び是正改善の処置を求めた「放課後児童健全育成事業に係る子ども・子育て支援交付金の算定等の状況について」について、現時点においても、内閣府及び厚生労働省は会計検査院より指摘された事柄に関する改善方法等を内閣府及び厚生労働省のWebサイト等に上げていないことは、保護者組織として放課後児童健全育成事業を運営する立場としては大変困窮していることです。速やか是正策を開示いただきたいものです。
 
補助金や交付金がもらえるから良いのではなく、実施要綱や交付要綱等に適合し、かつ会計処理は適切にしていることが求められます。当然、会計検査院の検査を受ける可能性は頭に入れて置く必要があります。
 
また、放課後児童健全育成事業を組織運営するため、統一された会計処理指針等の整備が必要であると感じております。
 
放課後児童健全育成事業に関する内閣府及び厚生労働省の予算体系がわかりづらい。
 
興味を持ってはいるが、放課後児童支援員等処遇改善臨時特例事業(保育士等処遇改善臨時特例交付金)について、資料出典を含めて、体系的な資料収集や制度理解には難易度を要する。
 
令和3年度補正予算に計上された、保育・看護・介護・幼児教育等の処遇改善臨時特例事業(交付金)の総合的事務局情報をWebサイトを開設し情報提供等してほしい。
 
 
(保健所の無理解)
所轄保健所は放課後児童健全育成事業をきちんと理解するシステムが必要である。
 
コロナ禍前からの事柄ですが、所轄の保健所が地域の詳細な放課後児童健全育成事業の実態について全く把握しないどころが、児童福祉法に定める放課後児童健全育成事業についても理解することなく業務を遂行していたことが、新型コロナウイルス感染症の濃厚接触者の判定時に発覚しました。
 
速やかに、都道府県が設置している保健所は市町村の放課後児童健全育成事業の担当部署と、放課後児童健全育成事業施設等の基礎情報を集約し来るべき有事に備えてほしい。
 
放課後児童健全育成事業は現場の保護者組織が事業者が運営する場合が多く、専従する者がいなく、事業をサポートする制度もなく、具体的要件の開示もほとんどない。
 
具体例
 
消費税及び地方消費税の課税関係(非課税)
 
放課後児童健全育成事業が、消費税及び地方消費税の非課税取引に該当する場合の具体的要件
 
放課後児童健全育成事業を業務委託や指定管理者制度で行う場合の委託料等(指定管理料を含む)の消費税及び地方消費税の課税関係(非課税要件該当するかの可否)",
64,千葉県,白井市,40〜49歳,女性,2,0,0,1,1,0,0,,小学生 中学生 ,"・子育てという社会に役立つ仕事をしているのに、会社で長時間労働ができないという制約のために、肩身の狭い思いをしていること
・子育てではなく、ご年配者に重点的に予算(税金)が使われているように感じること",
65,東京都,世田谷区,30〜39歳,女性,1,0,0,1,0,0,0,,小学生 ,女性に働けと言う割に、病児保育は予約取れずシステムも複雑でそもそも預けることが困難。待機児童ゼロなどと耳障りの良い文句ばかりでわたしの半径三メートル以内には、預けたいけど兄弟別園になった家庭や遠方へ送迎している家庭が数組います。保育園整備が進まずいつまでたっても預け先がないのは保育士の賃金を安くしているからですよ、保育士の待遇を人並みにしてください。,全ての家庭が、預けたいときに安心できる環境で子どもを預けられる国になってほしい。そのためには小学生以下の児童がいる家庭はパパママともに強制的に時短、１７時以後働いたらその会社が通告されるくらいのシステムを作ってください。
66,東京都,世田谷区,30〜39歳,女性,1,0,0,1,0,0,0,,小学生 ,女性に働けと言う割に、病児保育は予約取れずシステムも複雑でそもそも預けることが困難。待機児童ゼロなどと耳障りの良い文句ばかりでわたしの半径三メートル以内には、預けたいけど兄弟別園になった家庭や遠方へ送迎している家庭が数組います。保育園整備が進まずいつまでたっても預け先がないのは保育士の賃金を安くしているからですよ、保育士の待遇を人並みにしてください。,全ての家庭が、預けたいときに安心できる環境で子どもを預けられる国になってほしい。そのためには小学生以下の児童がいる家庭はパパママともに強制的に時短、１７時以後働いたらその会社が通告されるくらいのシステムを作ってください。
67,東京都,世田谷区,30〜39歳,女性,1,0,0,1,0,0,0,,小学生 ,なぜ多感な時期に給食を黙って食べさせているのですか?なぜマスク強要するのですか?,
68,茨城県,,40〜49歳,女性,2,0,0,2,0,0,0,,小学生 ,"子育て支援に所得制限があること
年少扶養控除がないこと
特定扶養控除が減額されていること
同じ子どもなのに支援が受けられること受けられない子がいること",
69,東京都,江東区,30〜39歳,女性,0,0,0,0,0,0,0,,,保育園でのマスク着用や黙食,
70,大阪府,,30〜39歳,男性,1,0,0,1,0,0,0,,小学生 ,"所得制限の撤廃を強く希望します。
なぜ、頑張って労働して、年収が上がった結果育児支援が無くなるのでしょうか？

前提として育児は自助だから、ですか？

""育児は自助""の前提は間違っています。育児は社会ですべきものです（国とコミュニティを維持するために育児は必須だからです。高齢者や貧困世帯を支えるセーフティの形成のために、厚みのある生産年齢人口が必要です）。
そして、育児は社会ですべき、という世論を形成するためには、全ての子供と子育て世代への一律支援が必要です。所得制限などを付している限り、社会で子育てという強力な世論は形成されません。",
71,岡山県,倉敷市,30〜39歳,女性,0,0,0,0,0,0,0,,,"各種子育て支援、障がい児福祉などに所得制限があることがおかしいと思います。
所得が高いと所得税や社会保険料、保育料も高いのに、各種支援を所得制限により受けられなくなります。不安でこれ以上子どもを増やせないだけでなく、今居る2人にも満足に教育を受けさせられるか不安でなりません。
我が家は自営業ですが、不安定な業種で所得制限かかったりかからなかったりまちまちです。しかし、設備投資などが毎年あるので所得を全て生活費に回せません。自営業なので不安定なのはある程度仕方ないですが、子育て支援だけでも一律にしてくれれば、かなり不安は軽減されます。",
72,東京都,八王子市,30〜39歳,女性,2,0,0,0,1,1,0,,中学生 高校生 ,子育て支援の所得制限。年少扶養控除の消失。高校生の控除減額。早生まれのために控除の隙間ができてしまう。,
73,東京都,台東区,30〜39歳,女性,0,0,0,0,0,0,0,,,児童手当の所得制限はおかしいと思います。こどもの権利は親の所得によらず平等であるべきだと思います。そもそもこども手当を全てのこどもに付与することを理由に扶養控除を撤廃しているので、所得制限を設けるのはおかしいです。憲法第14条の法の下の平等に反しているのではないでしょうか。,
74,山梨県,,40〜49歳,女性,1,0,0,1,0,0,0,,小学生 ,"教育にかかる給付金等に所得制限がかかる事です。
苦労した人間に自助を強制する世の中に絶望します。",
75,福岡県,,30〜39歳,女性,0,0,0,0,0,0,0,,,"所得制限を撤廃して欲しい(子育てをしたくても働いた分だけ税金に持っていかれて可処分所得がないのでできない)
少子化対策に所得制限などの制限をつけないで欲しい。(女性が子供を産む数には限りがあります。収入に関係なく1人でも多く産んで貰うことが重要なのではないですか？)

高齢者ばかりに優遇するのではなく、国のことを考えて子供に投資して欲しい。
(子供を育てるのが贅沢、ワガママと思われる国では少子化は進む一方です。将来の年金も医療費も子供達が払うことを分かっていない人が多すぎます)",
76,東京都,府中市,40〜49歳,女性,0,0,0,0,0,0,0,,,"登園の困難さ
東京都下に在住していますが2人子供がいて保育園に通っています。
1人で2人を安全に登園させるのは非常に大変です。
歩道は自転車も走行しており減速しない自転車も多く子供はいきなり手を伸ばしたりしたり、子供の頭の高さがハンドルなので危なく2人の子供に神経を張り巡らせて登下園しています。

また手を離さない子供が2人いると両手で手を繋ぎ荷物はできるだけ背負ったり肩からかけるのですが子供の頭に荷物が当たります。
月金は布団類の持ち帰りがあるので非常に大変です。
そこに雨などが降ったりすると非常に困難です。

インフラの整備でできるだけ解消していただきたく思います。
例えば徐々にで良いので自転車レーンを作る、保育園での持ち物を減らすようにするなど費用と時間がかかりますが自転車レーンぜひご検討くださいませ。
またはスクールバスなどもぜひご検討ください。

",
77,千葉県,習志野市,30〜39歳,女性,1,0,0,1,0,0,0,,小学生 ,"子供のために頑張って稼いで高額納税もしたのに、保育料は上がり、所得制限で支援を打ち切られ、かえって生活が苦しくなりました。
このような状態なら働かない方が得だと感じてます。じっさい仕事を抑えるかと夫婦で話し合ってます。

この悪循環により高額納税者が減ったら国の税収も減るのに、なぜ政府はそんな簡単な事に気付かないのでしょうか？
また、高額納税世帯は教育にも熱心で未来の高額納税者を増やすためにもなります。

今一度年少扶養控除の復活と、子育て支援に関する全ての所得制限を撤廃して欲しいです。",
78,東京都,,30〜39歳,女性,0,0,0,0,0,0,0,,,累進課税で税金を納めているのに、子育て支援になると所得制限を設けるやり方はおかしいと思います。また、年少扶養控除を廃止した上で児童手当を廃止するのは憲法違反、人権侵害だと思います。,
79,兵庫県,尼崎市,20〜29歳,女性,0,0,0,0,0,0,0,,,単身赴任やシングルなど、一人で子供を見ている場合に、保護者が倒れた場合の子供の緊急保護先が分からず、今の時勢とても不安。,"介護になると、ソーシャルワーカーが必要な申請や使える制度を教えてくれるように、育児でもプロが伴走してくれる制度が欲しい。
自ら動いて情報を得たり、登録をしたりするには、育児中だと時間が取れない。"
80,熊本県,,30〜39歳,女性,1,0,0,1,0,0,0,,小学生 ,"所得制限反対！
年少扶養控除・配偶者控除の復活を！！
高校無償化も、理不尽なラインで支援を切られます。どうか子供の為の支援であれば、親の所得関係なく、一律に支援してください！
国民に目を向けた政治をお願い致します。",
81,東京都,東京都日の出町,30〜39歳,女性,2,0,0,2,0,0,0,,小学生 ,"兄弟の年齢差で子育ての補助が受けられないのがおかしい。

保育園だと同時に３人じゃないと、０から２歳児の３人目の保育料無償が受けられなかったり。

幼稚園だと小3までの子どもの人数になる。
(自治体で第三子に幼稚園副食費が所得制限なく補助になりました。しかし1番上が小3以上の為第三子なのに、第二子扱いになり補助が受けられなかった)

子どもは大きくなればお金かかるし、きちんと第三子は第三子として、兄弟の年齢差に関係なく支援して欲しい。

児童手当について。
所得制限少し超えたので、特例給付です。
子ども３人で15000円。
しかし所得制限内家庭の０歳児１人の15000円と一緒なのはおかしい。
多子家庭への支援は所得関係なく支援をお願いします。

所得制限ないと思ったら、兄弟の年齢差で補助が受けられなかったり、所得制限で児童手当が減額されたり、困っているしおかしいです。

幼稚園無償化の対象が3歳の誕生日を迎えた翌月からなのがおかしい。
学年で無償化対象にしてほしい。
同じ学年なのに、４月生まれは毎日無償化対象で幼稚園通えるのに、他の子は3歳の無償化対象になるまで親の費用負担だから週一のプレにしか通わせられないから不平等。
無償化対象になると、幼稚園通園補助金も受けられるし、週一と毎日通うとでは、子どもの経験の差ができてしまう。

子育て支援の拡充よろしくお願いします。

",
82,東京都,西東京市,40〜49歳,女性,1,0,0,0,1,0,0,,中学生 ,所得制限があることで高校無償化の対象ではありません。奨学金も所得制限で借りられず、困っています。収入が上がると可処分所得が減る現象も無くして欲しいです。社会保険料や所得税の税率は一律にして欲しいです。,困っていることは、「今」困っています。数年後ではなく、今年度からすぐに変えてほしいと切に願っています。
83,東京都,世田谷区,30〜39歳,女性,1,1,0,0,0,0,0,,妊娠中 ,"児童手当や教育の無償化に所得制限があるのがおかしい。時には身や心を削って働いて、納税もしているのに、なぜ手当がカットされるのか。特に首都圏では住居費用が高いため、それなりに収入はあっても自由に使えるお金は多くない。現行の運用では勤勉に働く正直者が馬鹿を見るので所得制限を撤廃してほしい。
種々の手当ての所得制限が撤廃されたら、予定していたよりさらに1人子どもを持てるのに、と考えることもある。",
84,群馬県,高崎市,30〜39歳,女性,0,0,0,0,0,0,0,,,子育て支援に所得制限をかけていること,
85,福岡県,北九州市,20〜29歳,女性,0,0,0,0,0,0,0,,,児童手当は年少扶養控除の代替であるはずなのに、所得制限で減額され、さらに今年10月からは0円になります。ニートや老人にある控除がなぜ子供にはないのでしょうか？児童手当を減額、0円にするのは子供の人権侵害です。年少扶養控除復活を求めます。,
86,神奈川県,鎌倉市,30〜39歳,女性,0,0,0,0,0,0,0,,,出産費用や妊婦検診が高額で、補助だけでは賄えない。無痛分娩を一般化して欲しい。妊娠出産の経済的・肉体的負担が大きい。幼保無償は０歳からにして欲しい。高校無償化の所得制限を無くして欲しい。とにかくお金がかかるので、３人目が欲しいが産めない。,
87,大阪府,大阪市,40〜49歳,女性,2,0,0,2,0,0,0,,小学生 ,低リスク層である子供達のコロナ規制を撤廃し元の学校生活にもどしてほしい。参院選までに改善しないなら自民党には絶対いれない,
88,大阪府,,40〜49歳,男性,3,0,0,2,1,0,0,,小学生 中学生 ,"私は子供が３人いますが、年少扶養控除がないため、所得税・住民税ともに子供がいない人と同じだけかかり、税負担が大きいです。代わりにと導入された児童手当には所得制限があり、結果的に子供の数が多いほど、増税されただけになっています。あまりにも理不尽で、今すぐ見直していただきたい。
またその児童手当や高校無償化への所得制限により、看過できないレベルの可処分所得の逆転が発生しており、制度としておかしいと思います。所得制限自体をなくすことを求めたいですが、どうしても制限をかけたり、支給額に差を設けるのであれば、せめてもう少しきめ細かな制度とすべきです。こういうときこそ、マイナンバーを活用すべきではないのでしょうか。",年金制度が賦課方式であることを考慮すると、未来の年金保険料を負担する子供を養育している保護者の保険料負担は、その子供の数に応じて減免することも検討して欲しい。その分、子供のいない人の保険料負担は少し増えることになるのかもしれませんが、そこに一定の合理性は認められると考えます。何のための賦課方式なのか？ここでも疑問を感じています。
89,東京都,,40〜49歳,女性,1,0,0,0,1,0,0,,中学生 ,所得制限,
90,京都府,京都市,40〜49歳,男性,2,0,0,1,1,0,0,,小学生 中学生 ,子育てにかかる経済的な負担。将来の見通しが立ちにくい今の社会では、子育てをすることは経済的な不安と隣り合わせでであり、子どもに対する責任に押し潰されそうな気持ちになりながら、日々不安な中を生きています。,
91,千葉県,市川市,30〜39歳,女性,0,0,0,0,0,0,0,,,"日本全体が子供に対して冷たすぎる。子供はこれからの日本を担う大切な存在。子育ては自助でするのではなく、社会全体でするという考え方になってほしい。

所得格差、教育格差と言い過ぎ。格差の是正ばかりではなく、底上げをしてほしい。低い水準に合わせてばかりでは、国の競争力が低下し、二度と浮上できなくなる。

こども関連の予算が少なすぎる。累進課税で税金を納めているのに、年少扶養控除がなく、所得制限もある。子供に「頑張ったら負け」という考え方が染み付く。成長意欲が失われる。
",
92,福岡県,福津市,30〜39歳,女性,4,0,0,1,2,1,0,,小学生 中学生 高校生 ,"所得制限おかしいです。
所得制限によって、子供の進学先も自由に選ばせてあげられない。",
93,大阪府,大阪市,30〜39歳,女性,1,1,0,0,0,0,0,,妊娠中 ,所得制限撤廃,所得制限撤廃してください！子育て支援は平等に！
94,神奈川県,川崎市,30〜39歳,女性,1,0,0,1,0,0,0,,小学生 ,"学校や幼稚園保育園の常時マスクや黙食、ソーシャルディスタンスなどの過剰な感染症対策が、子どもの体調や発達を考えておらず、全く緩和すらされないこと。
任意のはずなのに、2歳と小さい子どもからほぼ強制的にマスク着用となっている。
また、無症状なのにコロナ陽性や濃厚接触者となれば隔離となり、仕事もまともに出勤できず、ただでさえ子どもの体調不良で会社を休むことが多いのに、更に会社に迷惑をかけてしまうこと。
","コロナの対策を世界に合わせて撤廃し、インフルエンザのような扱いにしてほしい。
子供の心身の健全な発達が気になります。
コロナ対策を撤廃してくれる方を支持したい。"
95,茨城県,,30〜39歳,女性,1,1,0,0,0,0,0,,妊娠中 ,多額の税金を払うだけ払って、子育て支援と名の付く福祉を「所得制限」と言われて尽く除外、廃止され、次の子を産むのがとても不安です。税金が使われる公共の福祉とは社会全体への還元のはず。社会から疎外されている気持ちです。幼保無償化まで所得制限の話が出ており、「働き損」、「子育て罰」が加速する一方です。,
96,宮崎県,宮崎市,30〜39歳,女性,2,0,0,0,1,1,0,,中学生 高校生 ,所得制限があることで、我が子がいろいろな支援を受けられないこと。３人目の子どもを我慢しなければならなかったこと。,
97,新潟県,新潟市,30〜39歳,女性,2,0,0,2,0,0,0,,小学生 ,"所得制限で小学生2人いるのに給付金を受け取れなかった。
市議会で所得制限撤廃の話が出たが取り付く島なく却下され、自治体を恨んだ。
年の差で3人目を希望しているが、兄弟で割引されたり優遇があるのが年齢制限にかかり一子扱いになるのが理解できない。
児童手当も所得制限かかり半額になった。扶養控除を返して欲しい。
高校無償化も対象外。
とにかくお金の問題が山積み。
低所得者ばかり優遇し、死にものぐるいで働き、所得を上げている家庭をないがしろにされていて精神的に辛い。",
98,大阪府,高槻市,40〜49歳,女性,1,0,0,1,0,0,0,,小学生 ,"所得1200万以上になると子供手当てが無くなる所得制限の制度設計に困っています。
共働き1900万(950+950万)には控除も子供手当ても満額。課税額は前者の方が高いのに。
子供手当ては年少者扶養控除の変わりのはず。扶養控除の復活も無しに子供手当てまで廃止なんて何重課税ですか？子育ては自助努力と言うなら累進課税はおかしい。子育てしていない独身者と同じ税率を払い、配偶者控除も無し年少者扶養控除も無し子供手当てすら無くなる。
無償化も対象外。奨学金も利率が高いやつのみ。
あまりにも扱い酷くないですか？
年金世帯になった所で莫大な年金が貰える事もたぶん無いでしょう。老後2000万問題…どう貯めろと言うのか？
手当て無くすなら控除復活が当たり前ではないですか？自助努力だと仰るなら働かないニートにもある控除の復活はあって然るべきです。
出来ないなら説明責任を。",
99,神奈川県,川崎市幸区,30〜39歳,女性,0,0,0,0,0,0,0,,,所得制限,
100,神奈川県,川崎市幸区,30〜39歳,女性,0,0,0,0,0,0,0,,,扶養控除,
101,神奈川県,横浜市,40〜49歳,男性,0,0,0,0,0,0,0,,,子供の扶養控除を元に戻して下さい。子供の扶養控除を奪わないで欲しい。,
102,福島県,,30〜39歳,女性,2,0,0,2,0,0,0,,小学生 ,現在、3歳から保育料無料。総合的に見て(保育料だけでなく)一番負担が大きいのは、0歳～2歳だと思うのですが、なぜ無料の対象にならないのでしょうか?,
103,東京都,小金井市,20〜29歳,女性,0,0,0,0,0,0,0,,,子育て用品が高い、教育費の貯金に不安、家賃が高い、1歳児で保育園に入りにくい,
104,広島県,,30〜39歳,女性,0,0,0,0,0,0,0,,,所得制限世帯です。600+600の家庭にはフルで支援、1200+0の家庭には支援なし。おかしいと思いませんか？扶養控除なし、児童手当0円、高校無償化対象外、医療費3割負担、どうやって子どもを育てていけと？,"子供の選択肢に小学生や未就学児がないのはなぜですか？
いないを選択しましたが、未就学児を育てています。"
105,東京都,中野区,40〜49歳,女性,0,0,0,0,0,0,0,,,"①子が出来てから引っ越すさい、保育園が決まっていないと引っ越しが確定できず、かといって保育園結果待ちをしている間に別の人に契約されてしまう事もあるし、先に物件契約したら保育園が受からなかったり...保育園の申込みや転園の制度をもっと使いやすくして欲しい。
②所得制限にひっかかり児童手当はなくなってしまうし、今後のさまざまな助成も受けられなくなります。親の所得で差別しないで欲しい。
納税の義務だけ課され、還元はされず、他の家庭の子を支えなきゃいけないのでしょうか？",
106,栃木県,宇都宮市,30〜39歳,女性,1,0,0,1,0,0,0,,小学生 ,"地域で子育てしたく、地域の保育園に入れたいが、点数で決められてしまうので地域の保育園に入れない。地域で子育てと言っているのと矛盾している。
ずっと住む地域で子育てしたいと思うが、住んでいる地域に保育園が少なく、駅に近いため、地域外の人が入園しており、地域で子育てしたいと思う人を優先してほしいと思うが、そうなることはなく、その地域に住むために高い税金を払っているのに何だかと思う。
困っている人や生の声が施策に反映されておらず、計画を実施していることに疑問を感じる、
市民の声をきちんと施策に反映してほしい。",税金をきちんと納めている人の利便性を考えてほしいと思います。
107,群馬県,前橋市,30〜39歳,女性,2,1,0,1,0,0,0,,妊娠中 小学生 ,"児童手当や高校の学費など所得制限がかかるのがおかしい。
夫が1000万程度稼いでいても子供が4人も居たら単純計算で500万2人と変わらないのに児童手当がもらえない上に所得税、住民税も高い。",
108,千葉県,,20〜29歳,女性,1,1,0,0,0,0,0,,妊娠中 ,扶養控除がないこと,
109,神奈川県,川崎市川崎区,30〜39歳,女性,2,0,0,2,0,0,0,,小学生 ,"所得制限があると子供は増えません。むしろ制限すると思います。
外国の例がお好きな自民党の皆さん、外国で所得制限をしている国で少子化が解消された国はありますか？また、年収1000万円(手取り700万円台)で裕福と思うならその給料で都内で多子育児をしてみて下さい。
また、子育て世帯の所得制限について正当性が無いように思います。夫婦共働きで所得制限の年収にかからなければ支援がもらえて、どちらかが超えた家庭は無しっておかしくないですか？次世代を担う子供達の支援は平等にすべきです。高齢者に使う予算のほんの一部を子供の支援に！未来への投資です！！
年末の子育て応援未来金10万円×二人分も川崎市は出してくれませんでした。医療費も3割でまだまだ小学生なのに充分な医療を受けさせられません。歯医者の定期検診にもかなり数を減らしてます。無料で受けられる子と差別しすぎです。対象外の子供達が社会から排除されていると思って傷ついています。少子化の時代に有り得ないと思います！",所得制限撤廃か年少扶養控除の復活がない限りは皆さんずっと訴えていくと思います。是非とも、急務課題として取り掛かって欲しいと思います。
110,神奈川県,川崎市,30〜39歳,女性,0,0,0,0,0,0,0,,,所得制限、給付金ばら撒き、対象外の人間からしたら多く税金払って他人の子供の面倒まで見なきゃいけない。偽装離婚して1人親になってぬくぬく仕事しながら国から金貰って働く人増えると思う。あまりにもこの点変わらなければ、私も離婚する。1000万の収入ありながらも子どもが複数人居れば全然高所得者層ではありません。子ども産みたいのに経済面で諦めている人が多過ぎるから少子化が進みます。政治家の方の年齢からしたら、先のこと知らねえって感じかもしれません、未来の子どもたちのことを考えてください。,
111,神奈川県,神奈川県横浜市,30〜39歳,女性,2,0,0,2,0,0,0,,小学生 ,子供が3人います。上から小5、小2、2歳です。2歳の子は今保育園に通っていますが、3人目にも関わらず、横浜市の基準では小学生はカウントされないので第1子扱いとして高い保育料を払っています。子供が増えた分家計の支出も増え続けるので、収入を増やすためにパートに出てるのに半分は保育料に持っていかれます。実際は第3子なのに小学生はカウントされないのもおかしいですが、3歳からではなく0～2歳も保育料無償にして欲しいです。,
112,東京都,西東京市,40〜49歳,男性,1,0,0,0,1,0,0,,中学生 ,子育てにおける所得制限をすべて無くして少子化対策してほしい。,
113,東京都,町田市,30〜39歳,女性,2,0,0,2,0,0,0,,小学生 ,"子育て支援の所得制限はおかしい。累進課税で高い税金を納めているのにあらゆる子育て支援策が対象外で困っている。
世帯主の年収で判断され、我が家より世帯年収が多い家庭は給付対象なのに我が家は対象外。不公平。",
114,神奈川県,横浜市,40〜49歳,女性,2,0,0,0,1,1,0,,中学生 高校生 ,累進課税で高額な税金を支払っているにもかかわらずあらゆる子育て支援が所得制限により受けられない事。障害児への助成にまで所得制限を設けるとか意味が分からない。また大学奨学金にも所得制限は怒りしかない。返済前提で借りて返すのは子供なのに親の所得は関係あるのか？,
115,神奈川県,横浜市,30〜39歳,女性,0,0,0,0,0,0,0,,,"子育て支援が数年単位で改悪されることが不安です。今年から児童手当が一部家庭で貰えなくなり、我が家はまだ制限にはかかりませんが、そのうち世帯合算、閾値下げる…と改悪される未来が容易に予想できてしまいます。扶養控除もなし、児童手当もなしという状態になったらかなり家計に影響します。

直近で困っている事は、子供の医療費です。
住んでいる横浜市は3才から所得制限で小児医療費助成が0になります。制限ラインも所得500万ほどでかなり低いです。
子供の医療費がなぜ自治体によって補助が異なるのでしょうか。無料にしろとは言わないので、せめて高齢者と同じ一律1割負担にして欲しいです。
今の御時世、少し体調を崩すと周りから「病院に行って感染症ではないと証明してこい」という圧がありますが、子供はすぐ風邪をひくので、そんなに頻繁に病院に行けるお金はないです。

まだ我が子には先の話ですが、高校無償化についても不満です。
世帯年収600万程度で補助額ラインが下がり、さらに裏で扶養控除学が減額されているので税金が上がり、トータル換算マイナスの家庭が多いです。金銭負担は逆に負担は増えているのに「今の子供は恵まれてる」という世間の風当たりもツライです。
",
116,東京都,文京区,20〜29歳,女性,0,0,0,0,0,0,0,,,"子育て支援(児童手当や未来応援給付金、障害児手当など)に所得制限をつけるのはおかしいと思います。
年少扶養控除を廃止し児童手当に変更するという話だったのに児童手当にも所得制限がつくようになりました。0〜15歳の扶養だけ扶養控除も手当もない人がいるというおかしな状態が起きていると思います。
累進課税の他にも様々な所得制限や所得による差で可処分所得の逆転も起きており、働き損を作る状況は改善して欲しいです。
0〜2歳までの保育料は所得に応じて差が激しく、我が家では月8万円ほどかかっています。同じサービスを受けるのに累進課税に加えて保育料の差をつけるのはおかしいと思いますし、そうであるならば子供にかかるお金(学費や保育料、オムツ代など)を控除させるべきです。",
117,東京都,台東区,40〜49歳,女性,1,0,0,1,0,0,0,,小学生 ,マスクの実質強要。,"早く5類にして、学校の感染対策の緩和を。
G7で緩和していないのは日本だけ。
いつまで低リスクな子どもにマスク強要させるのか。文科省は問い合わせると任意と断言します。早く実質任意に。"
118,東京都,日野市,40〜49歳,女性,0,0,0,0,0,0,0,,,"コロナ感染症対策が子供の正常な発育や、教育機会より優先されていることがおかしいと思う。
コロナ感染によるリスクが高い方への配慮と言うが、これもおかしい。コロナ陽性で亡くなる方の平均年齢が平均寿命と大差なく、もともと何らかの理由で寿命が近かったことを示唆している。人が亡くなることは悲しいことだが、コロナで亡くなることだけは許さない今の社会はアンバランスである。つまり、コロナのハイリスク層はコロナのみが驚異とは言えず、それまでのように自衛をして頂きたい。
例えば先のある子供にとって、コロナの濃厚接触にならないことより、泳ぎ方や調理方法を覚える事の方が後々役立つし、命を守る方法にさえなりえる。言語が不十分な子供がマスクで表情を奪われることで、自己表現や他者の感情を学ぶ機会を失っていないか強く心配している。
新しい生活様式は子供の環境を劣悪にしていると考えられる。早急にコロナを5類にし、マスクの推奨および実質義務の廃止、業種別ガイドラインの廃止、濃厚接触の追跡の廃止、新しい生活様式の撤廃を求める。",
119,京都府,京都市西京区,20〜29歳,女性,1,1,0,0,0,0,0,,妊娠中 ,0歳児〜2歳児の保育料が高すぎる。給与が上がると所得制限にかかると知り、働く意欲が削がれる。子供はできれば3人欲しかったが現実的に2人が限界ではないかと感じている。年齢的にも産めるし産みたいと思っているのに金銭的に控えざるを得ない状況を作っているのはどうなのか。,
120,埼玉県,川越市,30〜39歳,女性,1,1,0,0,0,0,0,,妊娠中 ,保活の際の点数が自治体によって違い、同じ自治体でも年度によって変わること。間もなく２人目の産休に入るが、１人目の時の保活が大変だったため、今から２人目の保活が不安だし、調べたら１人目の時と基準が変わっており、１人目の時よりも点数が低くなりそうで、今から怯えている。,
121,神奈川県,相模原市,30〜39歳,女性,0,0,0,0,0,0,0,,,年少扶養控除がないこと,
122,東京都,杉並区,30〜39歳,女性,0,0,0,0,0,0,0,,,GIGAスクールも始まり、公立校は特に自治体によって教育にかける予算がそのまま教育格差になっていくと感じる。格差をなくすための義務教育でより格差が開くことを考えると目先の待機児童数をいじるよりも単純に子供のことにお金を使う姿勢を見せてほしい。,
123,東京都,品川区,40〜49歳,女性,2,0,0,2,0,0,0,,小学生 ,"感染症対策の名のもとに子供たちの楽しい生活が害されていること。
幼稚園では3歳になったばかりの子も実質マスク強制で唾でベトベトになったマスクでもさせられたり、小学生は楽しい給食の時間も収容所のようにおしゃべり禁止で学校が楽しくないと言っています。
行事も参観も今まで通りやらせてください。子どもたちをこれ以上犠牲にするのは即刻やめてほしいです！
早くて5類にして、マスク推奨も黙食もやめさせてください！
参院選後では遅いです！5類にしない政党には投票しません！",
124,東京都,渋谷区,40〜49歳,女性,1,0,0,1,0,0,0,,小学生 ,子供達のマスクとワクチンは任意と大々的にメディアで伝えてくれないから、子供もマスク警察となって着けられない子供に強要してくる。,"さっさと5類にしないからいつまでたっても諸外国の様にウイルスと共存の道に進めない。
これ、参院選前までに与党が『コロナは空気感染だからウィルスはマスクを素通りです。ウイルス含んだ飛沫を防ぐ効果しかないです。なので今の感染対策は全部止めて、町の病院で普通に診るようにします。マスクもしたい人だけワクチンも打ちたい人だけで良いです』ってやってくれれば、支持率爆上がりですね。"
125,宮城県,大崎市,40〜49歳,女性,1,0,0,1,0,0,0,,小学生 ,コロナを早く５類にし、子どものマスクを任意にし選択制にしてほしい,子どものコロナ規制があまりにも厳しすぎる。それについて声を拾ってくれる国会議員が非常に少ない。子どもたちから緩和してほしい。
126,東京都,世田谷区,30〜39歳,女性,0,0,0,0,0,0,0,,,マスクの圧力,子供のマスクを任意にしてください
127,東京都,中央区,40〜49歳,女性,1,0,0,1,0,0,0,,小学生 ,黙食を代表とする、学校での過剰な感染対策。大人がやれないことを子供に強制していること、矛盾ばかりで子供に説明ができない。子供の行事、マラソン大会の中止なのに、東京マラソン開催（しかもマスクなし）、卒・入学式は保護者1人のみ、でもイベント開催など、大人はOKなのに子供はダメという根拠のない感染対策で子どもの貴重な経験が奪われて、健全な心身の成長ができないこと。,海外は規制撤廃していく中、元々コロナの被害が少なかったにも関わらず、異常なほどに感染対策、同調圧力が強い日本にうんざりです。どうしたらコロナを終わりにできるのか、出口が見えません。
128,兵庫県,,30〜39歳,女性,0,0,0,0,0,0,0,,,こどもにだけ感染症対策を強いていること。大人も黙食、マスク外すなら喋らないを徹底すべきである(政治家、芸能人含めて),
129,神奈川県,相模原市,20〜29歳,女性,0,0,0,0,0,0,0,,,所得制限や扶養控除を廃止したこと、保育料の算定方法がおかしいと思う。子供は親や家庭の影響を受けず育ってほしいから親の所得で制限をかけてはいけないし、扶養控除などで社会で子育て世帯を支えているというメッセージがほしい。あまり支援を受けている感じがなく子どもは贅沢品のように感じられとても肩身が狭い。また保育料も働けば働くほど上がり、ほとんどを取られるので、何のために働いているのか分からなくなる。同じサービスをより安く受けている方がいると思うと残念。,物価や社保料があがり、2馬力世帯年収800万ですが子ども1人育てるのがやっとです。もちろん自分達の趣味などは削っています。本当はもう1人欲しいけど、今後も物価や年金、社保料は上がるだろうと考えると難しいかなと思っています。給料が上がる、子供が増えると税控除(補助金や支給は一時の効果しかないから子供を増やしづらい)、年金制度の改革など(今の現役世代で高齢者を支えるのは人数的にも気持ち的にも限界)、もっと大々的に変わってくれば子供を産み育てたいと思う若者も増えると思います。
130,東京都,文京区,40〜49歳,女性,1,0,0,1,0,0,0,,小学生 ,子どものマスク。文科省に問い合わせると強制ではなく任意と答える。しかし、実質体育や登下校まで強要される。,"コロナはエアロゾル感染と日本も認めたので、換気の良い場所ではマスク不要なはず。
欧米は日常を取り戻しているのに、日本はいつまで続けるのか。"
131,東京都,,20〜29歳,女性,0,0,0,0,0,0,0,,,現在1人の子を持つ母です。妊娠・出産・子育てにかかる金銭的な負担が大きく2人目以降不自由なく育てていけるか不安です。子育て関わる全ての政策の所得制限の撤廃をお願いいたします。,
132,東京都,,30〜39歳,女性,0,0,0,0,0,0,0,,,"子育て世帯への様々な手当や控除に所得制限があること。
確実に保育園や学童に入れる保証がないこと。
困った時にすぐに援助が受けられないこと。(病児保育や一時保育、ヘルパーなど)
教育にかかる費用が高額であること。
(特に高校・大学)",
133,兵庫県,神戸市,30〜39歳,女性,0,0,0,0,0,0,0,,,子どもにとってコロナはそれほど脅威ではないのに、過剰な感染対策。小学生や幼稚園の子どもたちまでどこでもマスクしているのは異常です。子どもにとってマスクは害でしかないと思います。子どもの一年は大人の一年とは全く違います。子どもは嫌でも親や学校の言うことを聞かなければなりません。早く子どもたちを解放してあげてください。,
134,千葉県,船橋市,30〜39歳,男性,2,0,0,2,0,0,0,,小学生 ,子供の入院時の付き添いが半強制であること。その際、付き添う親のフォローが不十分であること。付き添いが母親限定とされる場合があること。,
135,千葉県,,30〜39歳,女性,0,0,0,0,0,0,0,,,児童手当の振込先がおかしい。主な育児をしている保護者のほうに振り込まれるべき。,
136,福岡県,福岡市,30〜39歳,女性,1,1,0,0,0,0,0,,妊娠中 ,児童手当の所得制限。960万〈単身〉は児童手当なし。一方950万✖️2〈共働き〉には児童手当あり。どう考えても世帯収入2倍違うのに、児童手当は、収入が低い方がもらえるのおかしい。夫婦合算にして、所得制限額上げて。年少扶養控除の代わりの児童手当なんだから、所得制限すること自体が反対です。さらにこの変な制度。どうにかしてほしい,"高校無償化の所得制限も可処分所得の逆転が、所得制限の910万から1000万でおきてます。
本人が行きたい私立には行けず、レベルを下げた公立にしかいけない。所得制限された、本来なら収入が多いはずの世帯が公立しか選べない逆転現象が起きてます。流石にやりすぎではないでしょうか？所得制限撤廃、もしくは、ザルのような制度を改善してください"
137,愛知県,名古屋市,30〜39歳,女性,0,0,0,0,0,0,0,,,子供へのコロナの過剰対策。幼稚園での外遊びや屋外の運動の習い事ですら鼻までマスクを強要される。苦しくても外せない。異常だと思う。子どもにマスクは必要ない。したい子だけすれば良い。任意で強制ではないことを全国の教育機関に通達を出して欲しい。,
138,東京都,青梅市,30〜39歳,男性,2,0,0,2,0,0,0,,小学生 ,"出産が何故全額実費なのか
子供手当てをもっと充実して欲しい
学校に掛かるお金を無料に
",
139,埼玉県,,40〜49歳,女性,2,0,0,2,0,0,0,,小学生 ,"児童手当の所得制限を撤廃してください。累進課税と児童手当で、手取りが逆転しており、働く意欲を損ないます。
中には、わざわざ残業調整したり、仕事の手を抜いたり、昇進拒否するような方までいるそうです。

また、子どもの支援を親の所得で線引きする事は、子どもは親の持ち物という判断でしょうか？子どもの権利はどこにいったのでしょう？
また、世帯主での線引きは不公平です。
共働きが半分を超えてる今、960万+0は支援なく、950万+950万には支援があるというのはおかしくありませんか？せめて世帯合算で考えなければ、公平とは言えません。

公立分の高校無償化を理由に扶養控除減額されてますが、その後所得制限がついたのはおかしくありませんか？所得制限以下は私立高校無償化まであり、所得が多いと判断された家庭の子が公立しか選べないという制度は酷い差別です。

また、18歳成人になったのに大学の無利子奨学金も、親の所得で受けられないのは、成人と見なしておらず、矛盾しています。
親が高所得でも、自力で何とかしろという親も少なくありません。子どもの進学を、親の所得で差別しないでください。

日本と子ども達の未来のために、差別のない支援・投資をお願いします。",少子化は国難です。このままでは、様々な社会保障が破綻するのは目に見えています。子どもを産める女性も年々減っていきます。子どもを産んだら、子どもと親の将来に大きな不安がある現在の制度や環境では、安心して産み育てる事ができません。親の努力だけでは困難です。子ども達と日本の未来に、投資をお願い致します。
140,奈良県,大和郡山市,20〜29歳,女性,0,0,0,0,0,0,0,,,田舎なので保育園に子供を入れることができたのですが、仕事がないです…車社会のなか免許ももってないので行けるところもかぎられていますが、びっくりするほどないです、その上コロナで慣らし保育も進まずこのままではせっかく入園できたのに慣らし保育が終わって仕事の面接を取り付ける前に退園になってしまいます。手にしょくがなかったり、社会人経験がなくても仕事ができる世の中にしてほしいです。,仕事がないというのは、子育て世代の今から仕事を始める人に向けての仕事がないということです。産休が取れる人はいいと思いますがつわりが酷かったり、労働環境、ストレス等で辞めざるを得ない人たちは　子供が保育園に入れたから喜べるわけではなく、子供が保育園に入って1.２年はすぐ呼び出しされるのをわかっているのに仕事を探さないといけない、しないといけない。土日やってない保育園だってあるのに平日のみ、子供の行事休ませてください、お迎えの時間があるのでこの時間までには、もしかしたら子供の呼び出しがあるかもしれません…と仕事場に伝えて仕事が出来るところなんてわずかです。テレワークなんて大企業の一部しかやってないとおもいます、時給も安い経験にもならない保育料を払えば消えてしまうお給料をもらって…何が言いたいかといいますと田舎なので仕事がない
141,東京都,江東区,30〜39歳,女性,0,0,0,0,0,0,0,,,"不平等な子育て世帯の所得制限を撤廃すべき。
子どもを親の所得で差別せずに平等に扱って欲しい。でなければ年少扶養控除を早く復活させるべき。子どもの費用は子育て世帯に負担させるなら、高齢者にかかる費用は全て高齢者間で賄ってもらわないと筋が通らない。子育て世帯に所得制限かけるなら、資産のある高齢者には年金等出さない制限をして下さい。何故そうせず、働き、子育てをし経済を回す人達を冷遇するのか。中途半端なクーポン等のばら撒きより長期の安定した支援をすべき。",
142,群馬県,,30〜39歳,女性,1,0,0,1,0,0,0,,小学生 ,大学費用準備の負担が大きい。長時間労働が当たり前の社会では、子育てとの両立に負荷が大きい。子どもとの時間を優先して非正規で働けば給与が足りず、正社員では長時間労働を強要され子どもとの時間が取れない。子育てのために時短希望や残業不可では正社員に採用されにくく、長時間労働できることが社会人としての価値のようで、自身がなんのために大学を出たのかとむなしくなる。,
143,埼玉県,,30〜39歳,女性,1,1,0,0,0,0,0,,妊娠中 ,"コロナ禍における子どものマスクの運用を見直してほしいです。厚労省はあくまで任意と言っているものの、実質は運動の時間も含めて強制になっています。マスクではコロナの感染は防げないことが今までの2年間で明らかになったにも関わらず（国立感染研もエアロゾルが主と認めましたよね？）厚労省のはその部分は全くアップロードせず、「マスクをしてください」のアナウンスばかり。子どもにとっては慢性的な酸素不足やコミュニケーション能力の低下、学力低下など、海外でデメリットが多いとの研究結果が出ているにも関わらず何も変わりません。
ここまで子どもにコロナの責任を押し付ける国があるでしょうか？
いい加減、子どもたちにマスクを強要することは辞めるよう政治家がアナウンスしてください。そうしないと教育委員会や保育園は子どもたちにマスクをさせることをやめさせる決断ができないのです。",選挙前に2類から5類へ変更し、子どもたちのマスク撤廃のアナウンスをしないのであれば、自民党に票を入れることはないです。
144,宮城県,仙台市,30〜39歳,女性,0,0,0,0,0,0,0,,,守られるべき子ども達が、コロナ禍で1番犠牲になり、子どもらしく生きる権利を奪われ続けていることが、もう耐えられない。苦しいのにマスク強制、子ども達の相互監視社会、食べる楽しみを放棄したアクリル板に囲まれての15分以内黙食。突然の休校に行事の中止。部活動など努力してきたことを大人の都合で奪われる。こんな環境で子ども達は伸びやかに育つのか？諸外国は子ども中心の考えの元、子ども達への制限は最低限であり最終手段だった。対して日本は子ども達を感染源呼ばわりし、3年経った今、更に規制を強める。非科学的で非人道的。票にも金にもならない子ども達はどうでもいいのか？！日本の子ども達こそ、国の未来じゃないのか？,
145,東京都,中央区,30〜39歳,女性,0,0,0,0,0,0,0,,,子育て世帯への支援で所得制限がつけられているのと,
146,大阪府,,30〜39歳,女性,2,0,0,2,0,0,0,,小学生 ,"子育て支援の所得制限はおかしいです。
累進課税にて収入に対する税金は納めています。
児童手当や高校授業料無償化などの制度に所得制限をかけるなら累進課税をやめるか、年少扶養控除を復活させないと不当に徴税していることになりませんか？",
147,兵庫県,神戸市,20〜29歳,女性,0,0,0,0,0,0,0,,,"年少扶養控除がないこと。
児童手当が親の所得により額が異なる、またなくなること。
高校無償化の所得制限があること。
こどもの医療費が自治体により所得制限を設けていること。
障害児支援にまで所得制限があること。
所得制限は出産制限です。所得制限がなくなるなら2人、3人子供が欲しかった。",
148,宮城県,仙台市,40〜49歳,女性,2,0,0,1,0,1,0,,小学生 高校生 ,"幼稚園や学校の過剰な感染症対策の見直しをして欲しい。(マスクや黙食など) 
子供の医療費や私立高校支援等の所得制限の撤廃をしてほしい。",
149,東京都,江東区,40〜49歳,女性,3,0,0,1,1,1,0,,小学生 中学生 高校生 ,年少扶養控除がなく所得制限により児童手当や高校無償化の恩恵を受けられないことは、子どもの人権侵害である,少子化は国難であるにもかかわらず国が少子化を促進し勤労意欲も下げる政策を行っていることが不思議でなりません。
150,神奈川県,藤沢市,40〜49歳,女性,0,0,0,0,0,0,0,,,消費税が高い。減税すべき。,
151,和歌山県,わかやまし,30〜39歳,女性,0,0,0,0,0,0,0,,,所得制限により、子育て支援が全く受けられない状況です,
152,東京都,文京区,30〜39歳,男性,0,0,0,0,0,0,0,,,学校無償化における所得制限も問題だが、全体として大学卒業までにお金がかかりすぎて、十分な教育環境を整えられない。過去の不妊治療(出産までした場合)の遡り助成が無いのはおかしい。駅から外にでるバリアフリールートが限定的なケースが残存している。また、エレベーターにベビーカーが乗れず元気な高齢者が我が物顔で乗っており、中には攻撃的な言動により子ども連れを排除するケースも見られる(優先すべき人について、めいっぱい大きな掲示で警告すべきだと考える)。育児休業給付金の上限が低く、物価の高い東京などでは男性の育休取得が全く現実的でない(世帯で給付額を制御すべき)。,
153,神奈川県,川崎市,30〜39歳,女性,0,0,0,0,0,0,0,,,"所得制限で子育て支援を差別するのはおかしい。扶養控除がなく、子供をいないものと扱っていることはおかしい。なぜ、独身者と一緒の扱いなの？子育てにかかる費用は半端なくかかる。
子育てを馬鹿にしているとしか思えません
直ちに扶養控除の復活と所得制限撤廃を求めます。","かなり我慢してます！これ以上子供を除け者にするな。未来を支える子供たちになんて冷たい態度なんだ。日本は。そりゃ少子化です。
少子化に、もっと真剣に向き合ってください。"
154,神奈川県,,40〜49歳,女性,1,0,0,1,0,0,0,,小学生 ,"お金バラマキやってるのに、子育て世代の支援は減らす。少子化対策本気で考えていると全然思えない。
いろいろな手当等に所得制限があるのがおかしい。所得制限は撤廃するべき。
障がい児に対する支援が全然足りない、人手が足りないからと幼稚園など入園拒否されます。
教育を受ける権利は平等であるべき。",
155,神奈川県,川崎市,30〜39歳,女性,1,0,0,1,0,0,0,,小学生 ,医療費の所得制限,児童手当無し、医療費一歳から自費、保育費用最高額希望園入れない、小学生は保育費用にカウントされない私立高校無償化は子ども四人でも無し、近隣の500万世帯がなぜか新築に高級車、習い事多数、小さい怪我で頻繁に通院何で？
156,東京都,葛飾区,30〜39歳,女性,0,0,0,0,0,0,0,,,"現在未就学の娘を抱えております。夫婦で奨学金の返済が併せて月に70,000円(トータル残高約1200万円)あり、生活に困窮しています。私もなんとかフルタイムで働いていますが、残業もできずこれ以上年収をあげられません。

高校授業料無償化や、奨学金をこれから借りる方への返済不要奨学金などの施策がありますが、今、その年齢まで育てるのが本当に厳しいんです。

これから借りる方だけでなく、現在奨学金の返済に苦しんでいる人々への返済額を減額するなどの検討をお願いしたいです。

自分たちの努力だけでは、いつまで経っても貧困から抜け出せません。
月の返済を減額し、返済期間を延ばす手段では解決に全くなりません。

せめて、奨学金を所得控除するなどしていただきたいです。
保育園費用の計算や、
高校無償化などの給与条件にも、親が奨学金を借りている場合は、その金額を所得額から引くなどの配慮をいただきたいです。

どれだけ努力してきても、元々生まれた環境により歩む人生が異なり過ぎます。政治の力で少しでも格差を是正してほしいです。

またこのような声をどこに届けたら
きちんと取り合っていただけるのかも明確にしてもらえたら嬉しいです。",よろしくお願いします。
157,岡山県,岡山市,30〜39歳,女性,2,0,0,2,0,0,0,,小学生 ,"10万円の「未来応援給付」が理不尽な「所得制限」のために全国で約200万人の子どもがもらえませんでした。夫婦共稼ぎで1800万円稼いでいても子どもに支給されるのに、１馬力で960万円稼ぐと支給されないという、先進国とは思えない理不尽な線引きで、逆転現象が生まれています。
もらえた子どもは自宅用タブレット端末やプログラミング教材、顕微鏡や望遠鏡を買うなどしていますが、もらえなかった子どもはそれもままなりません。
その後、「地方創生臨時交付金」が何億円も自治体に配られて、それを財源にして所得制限世帯にも補填して支給できるようになりましたが、補填支給している自治体は総社市や備前市など限られていて、倉敷市や岡山市などは対応していません。政治家の皆さんに動いていただきたいです。",10万円の未来応援給付が不合理な所得制限でもらえなかった子どものために、地方創生臨時交付金で補填支給してもらいたいです。
158,千葉県,千葉市,30〜39歳,男性,0,0,0,0,0,0,0,,,"主におかしいと思うところになりますが、

氏名、住所、現況等同じような内容を記入する回数の多さ。
出産育児関連のアンケートに男性の観点がないこと。
窓口の担当者が母親にしか質問していないこと。(父親がくるのが想定外？)等

セーフティネットと連携するために最低限、母親を対象にアンケートや対応を行っているのであれば、その旨を事前に通知しておかないと「時代にそぐわない」とあらぬ誤解を生むと思います。

父母教室での講義内容も精神論的な話(赤ちゃんはお母さんを選んで産まれてくる等)が混ざっており、昔からある育児雑誌と内容が変わらず、情報化社会においてあまり意味をなしていませんでした。
むしろ母親体験などは父親に母親と生物的観点からも全く同じ役割を期待するかのような、よくわからない平等化の意思すら感じ、方針に幼稚では？と夫婦共に違和感を覚えました。
出産前後の夫の仕事は母親と同じ辛さを味わうことではないはずです。

このような前時代的な価値観を排除するだけで運営もスムーズになるかと思いました。","今ならWebを活用し情報を文章や動画として配信する、SNSを整備する、など、より多くの困っている人へ時間の制約なくアプローチできる方法もあるかと思います。

全てにおいてIT化という極端な話でなく、時代にあった適切な制度設計をお願いしたいです。"
159,東京都,大田区,40〜49歳,男性,1,0,0,1,0,0,0,,小学生 ,"・所得制限の撤廃
・３人目以降の子供に、税制の優遇や児童手当増額","５人目妊娠中
１人目の中学校が選択できませんでした。"
160,山形県,,40〜49歳,女性,1,0,0,1,0,0,0,,小学生 ,この4月に小学校に入学したが、購入しなくてはいけない備品が多すぎて経済的負担が大きい。特に算数セットはおさがりではなく新しいのを購入しなくてはいけないが、1+1=2など簡単な計算カード、おはじきなどは低学年でしか使わないことは明らか。学校の備品としてあれば十分だと思う。入学時の経済的負担を減らすためにも算数セット、粘土板など学校の備品として揃えてほしい。,学校に入学するにあたって様々な備品を購入したが、どれもこれも大人目線で子どもを「管理」しやすいように、指定された同じものを使うようになっていると感じた。消しゴムの色まで指定されているのには違和感しかない。多様性とは程遠い学校文化では、子どもたちの間で異質なものを排除する土台ができてしまうのではないかと危惧している。先月まで通っていた幼稚園では子ども一人一人の個性を尊重してくれたが、１８０度違う学校カルチャーに驚いている。
161,大阪府,,30〜39歳,女性,0,0,0,0,0,0,0,,,"所得制限で子供になんの支援も得られない。
所得制限世帯厳しすぎる税金の取り方をして、なんの還元もない貧乏人に優しい国。幼保無償化に所得制限をかけたら、幼稚園自体やめなければいけないほど生活は厳しい現実。世帯収入についてしっかり把握してほしい。",
162,東京都,世田谷区,30〜39歳,女性,0,0,0,0,0,0,0,,,"子ども支援への所得制限と保活の厳しさ。
保活は周りの声から、世田谷区目黒区はほんとうに大変という認識があったので、0歳4ヶ月で保育園に入れました。もっと一緒にいたかったけれど、一番入りやすかったから。
早くに職場復帰をして、子どものために少しでもお金をと思ったら、税金でかなり持っていかれる上に、稼げば子どもの支援に制限がかかると。今後昇給を目指す気持ちが萎えました。2人目は、産むべきではないと頭では考えています。",
163,東京都,世田谷区,30〜39歳,男性,1,0,0,1,0,0,0,,小学生 ,多子世帯に対する支援が少なすぎると思います。現在4人の子どもを育てているので、現実的にはお金が必要。乳幼児はが多いのでオムツやミルクも支給してもらえるとありがたい。また、大きくなってから学費の問題も、保育料無償化と同様に、多子世帯に対する無償化を検討してもらいたいです。,
164,兵庫県,西宮市,30〜39歳,女性,1,0,0,1,0,0,0,,小学生 ,年少扶養控除の代わりの児童手当が、所得制限により減額。なんとその減額分すら0円になり、我が子は国から無いものとされている。毎日激務の中必死で働いた中から搾り取られ、子育て支援一切なし、自助でやれと…この国で更に子供産みたいと思えません。16歳から扶養控除がありますが、早生まれの子は制度から抜け落ち1年間控除を受けれません。この制度はおかしい、早生まれの子も平等に学年で区切って制度に入れてください。,所得制限反対。年少扶養控除復活。
165,千葉県,我孫子,30〜39歳,女性,0,0,0,0,0,0,0,,,年少扶養控除を復活させてください。お金がないです。二人目もつくりたいので所得制限も撤廃してほしいです。,
166,神奈川県,横浜市,40〜49歳,女性,2,0,0,1,1,0,0,,小学生 中学生 ,所得制限,
167,神奈川県,横浜市,40〜49歳,女性,2,0,0,2,0,0,0,,小学生 ,"子供に関する手当や助成等の支援に所得制限をつけるのはおかしいです。
累進課税に加えて手当もなしでは、まるで二重課税です。
児童手当も医療費助成も障害児の就学奨励金も療育を受ける費用も、少し所得が高いというだけで手当ゼロだったり負担額が大きかったり。
昨年末の十万円の特別手当支給時も対象外でしたが、ニュースを見た子供が「うちももらえるの？」と聞いてきて答えづらかったです。
子供に関する支援は全員平等にしてほしいです。",
168,愛知県,名古屋市,40〜49歳,女性,2,0,0,1,1,0,0,,小学生 中学生 ,"第一子中2が不登校です。理由は色々あるのですが、一番は「制服を着たくない」が理由です。
頑固な子ですが、制服を着る意義、納得のいく理由があるなら、決まりを守る子です。ですが、納得のいく理由を学校側から説明されたことはありません。
親側も、制服の着用義務には懐疑的で、体操服の活用や私服の許可を打診しましたが、受け入れられませんでした。
ズボンタイプは試作品はあるものの、運用時期については未定とのこと。期待しないでほしい、と言われました。
制服に見えない改造を施すことは学校に相談の上で可能とのことですが、そこまでして制服を着用して中学校に通う意義が見いだせず、話は止まったままです。
カウンセリングのために私服で来校した時は、他の生徒の目に触れないこと、と条件を出され、そんなに制服でないことは悪いことなのかと、モヤモヤした気持ちになりました。
親としては、中学校は義務教育なのに、制服でなければ授業を受けることができない状況を疑問に思います。",
169,東京都,目黒区,30〜39歳,女性,2,0,0,2,0,0,0,,小学生 ,学校、教育制度すべて！,"とにかく、学校の詰め込み教育が時代にそぐわない感満載で嫌になります。
決められたやり方、みんなと一緒の謎ルールに縛られて身動きが取れない状態。
これじゃあ、才能がある子も伸びないし芽を摘んでしまっています。

思い切って教育改革をして欲しいです。
未来を担う子ども達のために。"
170,東京都,練馬区,40〜49歳,女性,3,0,0,1,1,1,0,,小学生 中学生 高校生 ,"年少者扶養控除がこども手当のためになくなり、児童手当に変わって給付金額も減ったのに控除廃止はそのままて、今回も所得制限で受給できなくなりそうです。
多子世帯で所得制限対象世帯は児童手当てより年少者扶養控除があった方が良いです。
一生懸命ワンオペ子育てしてるのに。世帯主は一生懸命仕事してるのに。
所得制限がかかる世帯で子供の数が増えません。子供の教育に熱心な世帯の子供が増えません。少子化対策になってません。この国は子供を増やす気がないんだと思いました。この春娘が公立中学に入学しました。入学に必要な制服代、用品など、ざっと10万近くかかるのに、臨時未来給付金の所得制限の対象世帯のため、給付は受けられなかった。将来のある子どもたちに支援をするなら
そこは親の所得抜きに平等に給付するべきだと思います。
また、子どもの医療費の公的給付も所得制限があり、病気になるならないは親の収入は関係ないと思います。",不満に感じていても所得制限対象者は少数派だから声を上げれず、グッと我慢していました。今回、初めて意見を書けて泣きそうです。
171,埼玉県,,30〜39歳,女性,0,0,0,0,0,0,0,,,"子どもに扶養控除がないこと！
その代わりの児童手当には所得制限があり、満額もらえない。満額もらっても扶養控除（38万）に比べて少なすぎる。何でもかんでも所得制限で対象から外される。何故、「所得」だけで判断？",子育て世帯に所得制限で再分配が必要なら、老人にも「資産」制限で年金・医療費・介護費の見直しが必要なのでは？
172,千葉県,,30〜39歳,男性,1,1,0,0,0,0,0,,妊娠中 ,所得制限　子育て　高校までの無償化　医療の無償化,
173,兵庫県,西宮市,40〜49歳,男性,2,0,0,1,0,1,0,,小学生 高校生 ,"・サラリーマンだと共働きでもしないと、私立学校に行かすことも躊躇する。頑張っても頑張っても所得制限で恩恵を受けず、給料が上がっても、可処分所得は下がる一方。
・義務教育のあり方。塾ありきの教育のあり方に疑問。校区による格差に疑問。その結果進学に影響。これでいいのか日本の教育。",
174,埼玉県,さいたま市,30〜39歳,女性,1,0,0,1,0,0,0,,小学生 ,"保育料が所得によって違い、決して裕福ではない世帯も高い保育料を支払わなくてはいけないのに、子供手当もゼロになってしまっておかしい。　中間層が搾取されている。配偶者控除が2000万以上の所得をボーダーとしているように子供手当も2000万以上をボーダーとするべき。
年金には所得制限がないのに、子供に関する補助は全て所得制限があるのはおかしい。不公平だと思う。",子供手当所得制限反対、保育無償化の所得制限を設けることに反対です。
175,静岡県,浜松市,40〜49歳,女性,4,0,0,0,2,2,0,,中学生 高校生 ,"所得制限。年少扶養控除廃止された上での、所得制限。
児童手当、給付金、高校無償化、奨学金、ありとあらゆる子育て支援の全てに対象外です。
特に高校無償化は、子どもの人数を考慮していない制度です。
少子化対策と言いながら、多子家庭を苦しめる事しか政府はしません。
どうしても所得制限したいなら、年少扶養控除、高校生の扶養控除を大人と同額に。
扶養控除を復活させたくないなら、所得制限廃止に。",
176,東京都,中野区,30〜39歳,女性,0,0,0,0,0,0,0,,,こどもに関する補助の所得制限をなくしてほしい。こどもは大人の所有物ではなく独立した存在で、親の所得により受けられる補助が違うのはおかしい。また、リソースや兄弟の数によって家庭の経済状況も違い、所得だけで一概に「余裕あり」と判断できないと思う。,
177,千葉県,,30〜39歳,女性,1,0,0,1,0,0,0,,小学生 ,"・２歳にマスクをさせ続けるのは困難であることをわかって欲しい。周知して欲しい。

・小学校の１クラスの上限人数を減らして欲しい。（上の子が上限の35人ギリギリのクラスに在席。昨年度、個別に対応が必要な子たちに対応しきれておらず混乱していた。先生一人の力量次第で見きれるかどうかという人数は不安。あと単純に教室がいっぱいいっぱいだった。）

・PTAありきの体制を変えて欲しい。
（学校予算がPTAの予算ありきだという話を聞いたので、PTAがなくても十分な予算が各学校に渡るようになって欲しい。）

・保育士や教師の先生方が子どもと向き合うことにもっと集中できるように、余計な雑事を排して事務専属の人にやってもらえるようにしてはどうか。（電話対応・書類仕事等）

・こどもが自由に遊べる場所が少ないと感じる。（ボール遊びなど）


・紙おむつや生理用品を軽減税率の対象にして欲しい。生活必需品です。",
178,愛媛県,松山市,30〜39歳,女性,1,1,0,0,0,0,0,,妊娠中 ,子どもの支援に対する所得制限,
179,山形県,米沢市,40〜49歳,女性,0,0,0,0,0,0,0,,,マスク強要、ワクチン接種、大学3年生の支援,"まずは大学3年生について2年前入学式無しオンライン緊急事態宣言終わった6月以降もオンライン。これについては文科省政治家などに相談するも全く改善せず大学側からも納得いく回答は得られず。そのまま週一回の登校だけで授業料は満額だし友達もできていない。アパートで一人パソコン見たガラ暮らしてます。国も大学も今まで放って置いた罪は深い、せめて施設費の返還やオンライン授業は放送大学並みの金額に計算し直し返還など必要、しかし何をしても2年間は戻って来ない19.20という多感な時期を無駄に過ごした子が可哀想だ
小学校中学校高校への締め付けもひどい田舎だからなのか何も調べずマスク強要、黙食修学旅行の変更や文化祭中止など、14歳の一年は後で取り返せない。そこをよく考えて風邪やインフルエンザ並みのコロナに対しての過剰な自粛はもうやめてほしい。"
180,広島県,広島市,30〜39歳,女性,2,1,0,1,0,0,0,,妊娠中 小学生 ,過剰なコロナ対策,子どものマスクを一方の面でしか見られず、弊害などは一切伝えられてないのが悲しい。暑くてもマスクを外せない子どもたちばかりで危険を感じます。
181,埼玉県,所沢市,30〜39歳,男性,0,0,0,0,0,0,0,,,"各種子育て支援制度に設けられた所得制限はおかしいと思います。子どもを育てる以上、どのような所得層でも最低限の養育費・教育費がかかります。所得の高い人は税負担も大きいのに、給付が所得で削られるのは二重取りに感じ不公平です。保育料の応能負担も同様におかしいと考えます。
また子どもの扶養控除である年少扶養控除が無いこともおかしいです。子ども以外はどんな年齢でも扶養控除があり、「最低限度の生活費には課税されない」ことになっていますが、子どもはそこに課税されています。代替とされた児童手当も当初想定から金額が大幅に減ったことにより、中高所得層は増税、高所得層は特例給付が廃止されることから生存権が侵害されている状況です。
子育て支援制度の所得制限は撤廃し、普遍主義で給付されるべきと考えます。",天野さんへ）参議院の参考人として所得制限撤廃を訴えてくださり、ありがとうございました。
182,神奈川県,,30〜39歳,女性,1,0,0,1,0,0,0,,小学生 ,所得制限について,所得制限によって子供に必要なお金がまわらないのはおかしいと思う。幼保無償化も無くすべきではない
183,東京都,品川区,30〜39歳,女性,1,0,0,1,0,0,0,,小学生 ,"子育て支援にことあるごとに所得制限をかけること。所得制限付の支援は貧困支援ではないか。
妊娠中の検診や検査にお金がかかりすぎる。各種検査も任意で自費となっているが妊婦からしたら拒否できない。
小学校休業日の公立学童において、給食または仕出し弁当等を希望者には提供してほしい。特に夏はお弁当は悪くならないか心配。各小学校毎に個別で仕組みを作っている学童もあると聞きます。有用な仕組みは、どんどん広げてほしい。",
184,宮城県,,40〜49歳,女性,2,0,0,1,1,0,0,,小学生 中学生 ,子ども支援、障害児支援・助成に親の所得制限があり利用できない,
185,東京都,,30〜39歳,女性,0,0,0,0,0,0,0,,,扶養控除対象親族が16歳以上であるに関わらず、子ども手当が一律でないこと。都内共働きだとすぐ所得制限に引っかかり、支援がなくなり負担感が強い。二人以上育てるのに経済的な不安が強い。,
186,群馬県,太田市,40〜49歳,女性,1,0,0,1,0,0,0,,小学生 ,所得制限。双方の実家が貧しく、互いに奨学金を返して結婚したので貯蓄は少ないです。自助でようやく子育てを終える頃に定年で、将来が不安で仕方ありません。後出しジャンケンで次々と増える所得制限を目にするたび、２人も産まなければ良かったと後悔しています。,
187,東京都,足立区,30〜39歳,女性,0,0,0,0,0,0,0,,,"所得制限による児童手当0、給付金0、医療費自己負担、高校費用自己負担、奨学金の辞退強制。すべて産み控えに繋がります。本当の富裕層など極々僅かの天上人。年収700万〜1000万代など子育てしていれば高所得者ではありません。毎月の保育園の支払いにヒーヒー言いながら生活しています。
支援をフルで貰えている家庭は私学にも入れられる。頑張って仕事したばかりに相対的な高所得者に割り付けられ、自分の子供は私学にはいれてあげられない。必要なら借金して子育てしなければならない
本当はもっと子供を産み育てたい。
親の年収で子供の権利を侵害し続ける国に未来はありません。
少子化は多くの問題の根源であるにも関わらず、1ミリも解決していない。
国の本気はこんなもんじゃないはずです。本気で向き合って欲しいです。",
188,北海道,遠軽,30〜39歳,女性,0,0,0,0,0,0,0,,,"サポートが少ない、
補助が少ない、
特にうちの町は子育てに全然支援がないです！
医療費も小さいうちからかかります！",
189,東京都,稲城市,20〜29歳,女性,1,1,0,0,0,0,0,,妊娠中 ,高校無償化の所得制限、児童手当。子供の教育にお金をかけたいのに、補助の対象から外れて生活が苦しい。選択肢が狭まっている。,
190,神奈川県,川崎市,30〜39歳,男性,0,0,0,0,0,0,0,,,"自動手当は元々少ないと感じるので、所得制限はいるのか疑問。仮に設定するのであれば、これまた少ない育児休業手当の上限30万をもう少し上げてもらいたい。元々生活コストはペットもいたりでやや高めの生活をしている自覚はあり、今回思い切って夫婦揃って育休を取ったものの、収入面での不安は残る。生活するには困らないが、将来の貯蓄・積立の余力がないと感じる。
企業側の義務が課されたことで、育休を選択肢に入れる人は増えると思うが、収入面での不安を少しでも下げることが育休取得のモチベーションにつながる気がする。",
191,兵庫県,明石市,30〜39歳,女性,0,0,0,0,0,0,0,,,"経済的格差を作らないでください。今は低所得者だけが守られている。
不公平しか感じない。高すぎる学費を考えてください。
外国人留学生じゃなく日本国籍国民の学力に力を注いでください。
今は外国人に対して手厚く国民が蔑ろにされ過ぎていてありえない。
共働きで税金もそれなりに納めていますが外国人に使われる為に払ってない。",ちゃんと意見が反映され、国会で議題に上がることを望みます。
192,神奈川県,横浜市,40〜49歳,女性,2,0,0,2,0,0,0,,小学生 ,所得制限撤廃してほしいです。なぜ税金を多く納めて高校無償化の恩恵に預かる事すらできないのか。,
193,神奈川県,川崎市,40〜49歳,女性,0,0,0,0,0,0,0,,,夫婦2人自営業でコロナにより減収支援が少なくて困っているのに 下の子は保育園に入れず待機児童です。,値上げラッシュなのに支援がなく 大学生もほぼ大学へ行けてないのに授業料は変わらず 光熱費は上がり働いてるのに保育園も入れず、税金は高いしこれで子育て支援と言えるだろうか？少子化対策、子育て支援にもっと真剣に取り組んで欲しいです。
194,東京都,八王子,40〜49歳,女性,4,0,0,2,1,1,0,,小学生 中学生 高校生 ,"所得制限はおかしいです！あべさんが、子供をたくさん産んでくれ、というので4人も産みましたよ。なのに、産んでみたらなんの支援もないじゃないですか。産めよ増やせよ言うだけで、あとは自分でやってねっておかしくないですか？扶養控除があればまた違っていたでしょう。いつのまに撤廃したのですか？なぜ子供を4人も養っているのに独身のかたと同じ税金を納めないといけないのでしょうか。4人の教育費をためるためにフルで働いて死にそうです。子供と過ごしたいのにその時間を犠牲にして働いて、ヘトヘトなのに稼いだ分からまた税金やらなんやら持って行かれて、、さらに所得制限って、、、子供って私の子でもありますが、日本の未来を支える人間ですよ？そこに一銭もかけないっておかしいです。税金はたくさん払っているのに、なぜリターンが何もないのでしょう？保育園の時から思っていましたよ。私は隣の子の保育園代を稼いできているんだなって。人が遊んでいる時にも一生懸命勉強して得た資格のために人より少しばかり高時給です。でも、若い時にがんばったせいで、うちの子供の保育園代はマックスで、隣の子は半額とか、何年も前から納得できませんでした。もうがまんの限界です。あまりにも理不尽です。我が子は奨学金も借りられず、これから先いったいどうすればいいのですか？そもそも教育にかける予算が少なすぎます。高校、大学にお金がかからなければいいだけの話なんです。教育にお金がかからなければ皆さんもっと子供を産みますよ。所得制限を撤廃するか、教育にもっともっと予算をかけるべきです。教育に投資しない国は衰退すると思います。教育にお金をかけて頭のいい人間を多く育てるのが日本のために一番コスパがいいと思います。目の前の選挙までの事だけでなく、日本の未来の事を本気で考えてほしいです。敵基地を攻撃するより先に、日本の中をまず充実させましょうよ。教育にお金をかける→日本全体の知能アップ→稼げる人が増える→再び経済大国へ→経済で無視できない国に攻撃なんてする国があるでしょうか？
軍事にお金をかけるより、よっぽどみんながハッピーに過ごせる未来が待っているのでは？",
195,香川県,高松市,30〜39歳,女性,0,0,0,0,0,0,0,,,所得制限です！子供の権利を奪い差別する制度をなくしてほしい,
196,東京都,江戸川区,30〜39歳,女性,0,0,0,0,0,0,0,,,マスクを外したい！表情が見えない中でのコミュニケーション、マスクの息苦しさ、一歳の娘がいますが将来このままでは不安で絶望してます。,
197,広島県,,30〜39歳,女性,2,0,0,2,0,0,0,,小学生 ,"子育て支援に親の所得制限があること。
また、児童手当は年少扶養控除を廃止した財源を活用しているにも関わらず、所得制限があり、廃止される世帯も出てくる。子供の生存権の侵害だと思う。
所得制限の撤廃と年少扶養控除の復活を求めます。
そして、時代に合った制度にしてほしい。",
198,神奈川県,横浜市,40〜49歳,女性,2,0,0,2,0,0,0,,小学生 ,"小学3年生、1年生、保育園に通う1歳児、3人の子供がいます。
子供は一歳でも8歳でも食費がかかります。その他保育料、オムツ代、衣服代、ランドセル代、学校雑費、給食費、習い事費も。当然、子供の人数が多ければ多いほど光熱費や水道代も増えていきます。小さくても人間ですので、生きていくのにお金がかかることは当然です。
それなのになぜ子供は控除対象外なのですか？その代わりとなるはずの子供手当は所得制限で減額されていて、もうすぐそれすらなくなります。当然医療費も実費ですし、このままいけば奨学金も望めず、高校無償化の恩恵を受けられず子供の選択肢は公立のみとなるでしょう。
税金を減らすか、所得に関係なく平等な給付をおこなうかせめてどちらか実行してください。両方おこなえば少子化は解消されると思います。つまり、このままいけば日本から子供はいなくなります。
",
199,東京都,東京都小金井市,40〜49歳,女性,1,0,0,1,0,0,0,,小学生 ,"「新型コロナウイルス感染症を5類にして、子どもたちのマスクを外してあげてほしい」という意見が、育児中の保護者からも上がっているようですが、自分としては反対です。
マスクを外したいのであれば、PCR検査の拡充による一斉の陰性確認と、co2測定による換気モニタリングが必須だと思います。
毎日検温して記録してから子を学校・園に送り出すように、週1回でも、一斉検査ができれば、陰性確認後は、マスクを外して、自由に過ごせるのではないですか。芸能界や、五輪・東京マラソンなどスポーツイベントでは、出来たことです。
新型コロナウイルス感染症を5類に指定したら、PCR検査等も自己負担が生じて、検査が今よりさらに抑制されてしまう可能性があります。
「子どもは感染しても、無症状・超軽症で経過することが多いから、新型コロナウイルスに感染してもいい・心配は少ない」とは思いません。「無症状感染でも、後遺症は残るケース」が報告されています。もし、検査を抑制され、ただの風邪との区別がつかなくなったら、後遺症Long-Covidの症状が謎の奇病として扱われるようになってしまいます。
宇都宮短大附属中学・高校のように校内でPCR検査ができるように資機材と人材を整えている私学もあります。
Covid19終息後、他の感染症に対応するためにも、PCR検査の拡充が必要だと考えます。各校校内へのPCR検査機器の配備と扱える人材確保が難しいなら、国や都道府県が迅速PCR検査車を借り上げ・購入して、市町村を巡回させる、からでも、やらないよりはマシだと思います。
PCR検査の拡充により、子どもたちを自由に活動できるようにさせてあげてください。よろしくお願いいたします。",
200,群馬県,前橋市,30〜39歳,女性,0,0,0,0,0,0,0,,,"コロナのせいで緊急事態宣言や蔓延防止措置の時に病児保育施設が利用できない。
頑張って働いて収入が増えたら所得制限で手当がもらえなくなるなんておかしい。",
201,徳島県,,50〜59歳,女性,2,0,0,0,2,0,0,,中学生 ,"子供を産んだ時にはあった年少扶養控除が廃止され　そのかわりである児童手当も今後廃止予定であり　児童手当がなくなるのであれば年少扶養控除を復活しなければならないはず。
子供を産んだ後に子育て制度が改悪され続けお金の計画が狂い家計は火の車。
累進課税で多額の税金を納めてるのに　所得制限により子育て支援を受けられないのはおかしい。
多子世帯ほど生活苦におちいるシステムであり　少子化促進につながる。
フランスの少子化対策を見習ってほしい。産めば産むほど得をするような制度にしなければ少子化は止められない。",所得制限撤廃、年少扶養控除復活を！
202,兵庫県,加古川市,20〜29歳,女性,0,0,0,0,0,0,0,,,保育料が高すぎること。一律で低めにしたっていいじゃないか。育休中も高い額払わされてなんのために働いてたのか分からなくなる。,
203,福岡県,福岡市,30〜39歳,男性,0,0,0,0,0,0,0,,,"保育園の利用が、家庭で保育できない人に限定されていること。専業主婦家庭、育休中の家庭にももっと開かれたものにしてほしい。

現在3歳と0歳の子どもがいて、妻は育休中です。上の子は、短時間保育の認定を受けていますが、私が土曜も仕事がある時に預けようとすると、保育園にとても嫌がられます。

お母さんは育休中ですよね。家庭で見てください。という事です。しかし、保育園の先生も責められたものではなく、そのような制度になっていることに問題があると感じます。

妻は外国籍なので、妻の両親の力は借りられません。私の両親は同居していますが、私の母が要介護状態のため、ほとんどつきっきりで^ 面倒を見る父の手も借りられません。

21世紀家族へ、という落合恵美子氏の著作を読んで感銘を受けましたが、両親2人だけで子どもを育ててきた社会など歴史上に存在しません。

少子化が進み、待機児童の問題はすぐに過剰な保育園数に変わるでしょう。誰でもいつでも保育園の利用が出来るように制度の変更を望みます。",
204,埼玉県,さいたま市,30〜39歳,女性,0,0,0,0,0,0,0,,,学童も充実をして下さい。NPOで親の負担が大き過ぎたり、高い民間ばかりが増えたり小学校以降の保育にも目を向けてください。働いて育児も仕事もなんてスーパーマンにはなれません。もっとワーママ大切にしてください,保育料が高すぎるので、それも何とかしてください
205,兵庫県,明石市,30〜39歳,男性,1,0,0,1,0,0,0,,小学生 ,子供が産まれる事を理由に会社を休むと迷惑扱いされる理由がとにかく理解出来ない。子供は将来の働き手となり、私達の世代を年金等さまざまな形で支えてくれる存在であるというのに。,
206,千葉県,白井市,40〜49歳,男性,0,0,0,0,0,0,0,,,"離婚調停が３年経ってもまとまらず、その間、子どもとの面会交流に妻が応じてくれないため、別居中の子ども３人と会えない時間がただただ過ぎていきます。

地方の家庭裁判所は月１回のペースで調停が開かれるケースが多いのですが、東京の家庭裁判所は離婚調停数が多すぎて、調停の部屋の空きや、調停員・調査官の人数が足りておらず、相手が意図的に長引かせようとしていることもあり、２～３ヶ月に１回しか話し合いの場が持てていません。家庭裁判所にもっと予算を付け、施設と人員の拡充をお願いしたいです。

父親である私自身も子どもに会えずつらいのですが、子どもにとっても、両方の親に愛され育まれるという子どもの権利が無視された状態が長く続いています。１日でも早く、この不幸な時間が短くなるように、家庭裁判所に予算をお願いします。

私の場合、虐待などの離婚事由がないため、相手の合意がなければ離婚することもできず、故に、調停がズルズルと続くことでいたずらに子どもに会えない時間が長引く結果に陥っています。

私は婚姻費も算定額より多く払っていますが、世の中に養育費を払わない父親が７割もいることもあり、「どうせ払ってないんでしょ？」という目で見られているような精神的圧力も時折感じてしまいます。

養育費を払うのが当たり前になるように、国や自治体が確実に取り立てたり、支払いを立て替える仕組みづくりもお願いします。離婚しても、子どもは両方の親が責任を持って育てるという意識付けのためにも必要だと思います。

必要なのは親権ではなく、共同で養育しているという実態です。家庭によって、それは面会交流しながらの養育かも知れませんし、それはお金での養育かも知れませんが、養育に関わるということは必要だと考えます。

また、養育費や面会交流についての夫婦間での取り決めを行う上でも、調停での決め細やかな話し合いや、調査官による聞き取りの充実が必要です。繰り返しになりますが、家庭裁判所に予算を投入して下さい。

共同親権をめぐって賛否が別れていますが、調停で各家庭の事情に寄り添って丁寧に話を聞き取ることは、どんな親にとっても、どんな子どもにとっても、良いことだと思います。聞き取られて都合の悪い親は、反対するかも知れませんが、それはそれで正しく把握されるべきだと思います。

子どもも親も会いたいと思っているのに、会えないという悲劇が、１人でも少なく、１日でも短くなるようにしてください。お願いします。",中学生１人、小学生２人の実子がいますが、同居しておらず、直接子育てに関われていないので、「いない」を選びました。
207,北海道,胆振,30〜39歳,男性,2,0,0,2,0,0,0,,小学生 ,子育て世帯に対する収入制限などによる支援の格差,子供を育てている人達は皆頑張っています。未来をつなぐためにも収入で線引きはしないで欲しいです
208,東京都,練馬区,40〜49歳,女性,1,0,0,1,0,0,0,,小学生 ,義務教育過程で、飛び級や留年が出来ないこと,"生まれ年とは違う、本人に合った学年を選択することで、その先の人生においても周りと一緒ではなく自分のペースで歩むことの大切さを理解しやすくなるのではないかと思う。
日本は一律に同じことをさせすぎ。"